,STATIONS_ID,MESS_DATUM,QN_3,  FX,  FM,QN_4, RSK,RSKF, SDK,SHK_TAG,  NM, VPM,  PM, TMK, UPM, TXK, TNK, TGK,eor
11435,3379,19850921,10,6.0,1.3,10,0.0,0,6.7,0,3.0,14.6,957.4,19.6,66.0,25.7,15.0,13.3,eor
11436,3379,19850922,10,8.5,2.6,10,0.0,0,8.4,0,2.3,13.8,957.4,20.2,59.0,26.7,15.9,15.0,eor
11437,3379,19850923,10,5.8,1.0,10,0.0,0,8.9,0,2.3,15.0,957.2,20.8,63.0,25.6,15.2,13.3,eor
11438,3379,19850924,10,5.0,0.7,10,0.0,0,9.1,0,2.0,16.2,956.7,19.3,74.0,23.7,14.6,13.4,eor
11439,3379,19850925,10,7.0,0.7,10,0.0,0,5.8,0,1.0,15.1,958.9,18.4,72.0,22.8,14.7,13.7,eor
11440,3379,19850926,10,6.0,1.0,10,0.0,0,8.3,0,1.0,12.2,963.6,16.5,67.0,21.3,12.0,11.0,eor
11441,3379,19850927,10,5.5,0.8,10,0.0,0,9.9,0,1.7,12.8,963.7,16.4,71.0,21.0,10.3,9.0,eor
11442,3379,19850928,10,5.0,0.7,10,0.0,0,9.5,0,1.0,12.0,962.0,17.0,66.0,22.6,10.8,9.2,eor
11443,3379,19850929,10,5.2,0.5,10,0.0,0,9.8,0,0.0,11.8,963.2,15.7,68.0,20.8,10.3,9.0,eor
11444,3379,19850930,10,0.9,0.3,10,0.0,0,9.6,0,1.0,10.9,963.8,14.9,68.0,21.5,8.7,7.6,eor
11445,3379,19851001,10,2.7,0.2,10,0.0,0,8.5,0,4.7,13.5,961.6,17.4,71.0,24.3,9.2,7.9,eor
11446,3379,19851002,10,8.0,1.1,10,0.0,0,6.3,0,4.7,14.8,961.1,18.6,68.0,23.6,14.0,11.7,eor
11447,3379,19851003,10,5.1,1.2,10,0.0,0,9.7,0,0.0,14.0,958.0,19.0,67.0,26.2,12.7,11.2,eor
11448,3379,19851004,10,6.6,0.8,10,0.0,0,9.8,0,1.3,13.4,955.6,19.0,63.0,25.6,12.7,10.7,eor
11449,3379,19851005,10,9.2,1.1,10,0.3,6,8.4,0,2.3,14.7,954.7,17.9,72.0,24.0,13.0,10.9,eor
11450,3379,19851006,10,4.0,0.7,10,0.0,0,0.0,0,7.3,15.2,957.7,15.6,87.0,17.3,12.6,12.4,eor
11799,3379,19860920,10,3.5,0.7,10,0.0,0,5.4,0,2.0,9.7,966.5,10.8,75.0,15.4,5.5,5.0,eor
11800,3379,19860921,10,4.0,0.5,10,0.0,0,9.9,0,2.3,9.6,963.7,12.9,68.0,19.2,5.9,5.0,eor
11801,3379,19860922,10,4.9,0.7,10,0.0,0,8.8,0,2.7,11.0,960.8,14.8,68.0,20.6,8.7,7.5,eor
11802,3379,19860923,10,3.8,0.5,10,0.0,0,10.3,0,1.0,10.3,959.4,15.8,61.0,21.3,9.4,8.4,eor
11803,3379,19860924,10,7.5,1.2,10,0.0,0,2.5,0,7.3,11.7,955.4,15.2,70.0,19.5,9.2,7.6,eor
11804,3379,19860925,10,10.1,2.5,10,0.0,0,0.5,0,7.3,10.1,953.9,13.0,68.0,16.0,10.5,10.5,eor
11805,3379,19860926,10,9.0,1.2,10,0.0,0,10.1,0,1.3,7.0,955.0,11.2,54.0,15.5,6.8,6.0,eor
11806,3379,19860927,10,6.0,0.7,10,0.0,0,9.4,0,3.3,8.4,959.9,11.8,64.0,16.4,5.0,4.0,eor
11807,3379,19860928,10,7.7,1.2,10,0.0,0,9.3,0,1.0,8.7,966.8,12.5,62.0,17.2,8.4,7.2,eor
11808,3379,19860929,10,5.1,0.6,10,0.0,0,10.0,0,1.7,9.1,968.4,12.4,67.0,18.0,5.7,5.0,eor
11809,3379,19860930,10,8.2,1.4,10,0.0,0,9.2,0,3.0,11.1,966.7,13.6,72.0,19.2,6.8,5.8,eor
11810,3379,19861001,10,3.2,0.8,10,0.0,0,9.9,0,1.0,12.0,961.4,14.8,73.0,21.4,9.0,8.0,eor
11811,3379,19861002,10,4.0,0.6,10,0.0,0,10.3,0,0.0,10.5,961.1,16.3,61.0,23.5,9.1,7.2,eor
11812,3379,19861003,10,5.5,0.6,10,0.0,0,9.6,0,2.3,10.8,961.1,17.2,58.0,23.6,10.3,9.1,eor
11813,3379,19861004,10,4.7,0.6,10,0.0,0,8.4,0,0.3,12.1,961.5,14.9,73.0,19.4,10.4,8.0,eor
11814,3379,19861005,10,5.5,0.7,10,0.0,0,9.8,0,0.3,9.6,962.2,14.6,62.0,20.3,8.6,7.5,eor
12163,3379,19870919,10,9.8,1.4,10,0.0,0,7.2,0,2.7,18.2,959.0,22.4,68.0,26.5,18.2,16.5,eor
12164,3379,19870920,10,11.0,2.6,10,3.4,6,6.7,0,4.0,15.4,955.0,22.9,54.0,27.1,17.0,17.5,eor
12165,3379,19870921,10,7.1,1.4,10,0.0,0,9.8,0,0.7,17.1,955.5,21.3,69.0,27.8,15.4,14.0,eor
12166,3379,19870922,10,5.7,0.9,10,0.2,6,9.4,0,2.7,15.5,955.3,22.3,59.0,28.7,15.0,13.2,eor
12167,3379,19870923,10,10.4,1.7,10,12.4,6,6.1,0,7.3,16.6,950.6,20.9,66.0,28.1,16.8,15.0,eor
12168,3379,19870924,10,11.9,3.0,10,0.1,6,8.5,0,6.3,12.4,948.0,15.9,69.0,19.9,13.5,12.2,eor
12169,3379,19870925,10,7.2,1.8,10,16.9,6,7.2,0,5.3,13.3,946.6,15.2,77.0,18.5,12.9,11.4,eor
12170,3379,19870926,10,6.2,1.4,10,30.4,6,0.0,0,8.0,14.6,943.0,13.3,95.0,15.1,12.3,12.0,eor
12171,3379,19870927,10,5.7,1.9,10,4.3,6,0.7,0,7.3,10.4,954.9,10.4,83.0,12.8,8.5,9.1,eor
12172,3379,19870928,10,6.0,1.4,10,0.0,0,3.0,0,6.3,7.1,959.3,9.5,61.0,12.2,7.4,7.2,eor
12173,3379,19870929,10,6.3,1.1,10,0.0,0,9.0,0,1.3,7.1,960.2,8.5,65.0,12.0,5.3,4.7,eor
12174,3379,19870930,10,11.8,3.0,10,0.0,0,10.3,0,0.3,7.3,961.3,7.5,72.0,11.8,4.0,3.4,eor
12175,3379,19871001,10,9.3,2.8,10,0.0,0,9.2,0,2.7,7.4,962.9,7.9,70.0,13.2,4.2,3.5,eor
12176,3379,19871002,10,9.3,2.1,10,0.0,0,4.2,0,3.7,8.1,963.3,7.2,80.0,11.4,3.2,3.0,eor
12177,3379,19871003,10,3.6,0.5,10,0.0,0,3.6,0,4.0,9.0,961.0,9.0,81.0,12.2,3.6,3.0,eor
12178,3379,19871004,10,5.7,1.0,10,0.0,0,1.4,0,5.0,11.5,956.7,12.8,79.0,17.7,6.0,5.1,eor
12527,3379,19880917,10,5.0,1.8,10,0.1,6,0.0,0,7.0,11.2,957.9,10.0,91.0,11.1,7.5,7.0,eor
12528,3379,19880918,10,6.0,2.2,10,0.9,6,1.8,0,7.0,11.6,962.7,12.1,83.0,14.4,9.2,8.2,eor
12529,3379,19880919,10,4.7,1.0,10,0.0,0,4.5,0,5.7,12.0,966.4,13.8,76.0,17.8,11.2,10.5,eor
12530,3379,19880920,10,4.7,1.4,10,0.0,0,0.0,0,8.0,11.9,962.5,12.2,84.0,13.4,10.7,8.4,eor
12531,3379,19880921,10,3.1,1.2,10,0.0,0,0.0,0,6.7,11.4,955.6,12.4,79.0,14.5,10.5,10.0,eor
12532,3379,19880922,10,3.1,0.7,10,0.0,6,8.0,0,1.7,12.8,950.8,14.7,78.0,21.0,8.4,7.1,eor
12533,3379,19880923,10,14.5,3.1,10,1.0,6,2.7,0,7.3,11.8,950.0,15.1,69.0,17.3,10.4,8.4,eor
12534,3379,19880924,10,14.2,4.2,10,0.0,0,4.7,0,6.3,11.4,954.9,14.2,72.0,18.4,10.4,10.4,eor
12535,3379,19880925,10,11.9,3.4,10,0.0,6,0.2,0,7.0,11.4,960.6,15.4,64.0,17.5,12.3,10.9,eor
12536,3379,19880926,10,7.8,2.4,10,0.0,0,10.4,0,0.7,11.9,962.1,17.4,61.0,23.0,12.6,10.6,eor
12537,3379,19880927,10,5.0,1.0,10,0.0,0,9.7,0,3.7,11.5,960.5,16.5,65.0,23.2,10.0,7.9,eor
12538,3379,19880928,10,8.8,2.2,10,0.0,0,8.4,0,2.3,9.8,954.6,18.2,53.0,24.9,10.6,8.4,eor
12539,3379,19880929,10,9.8,2.1,10,1.4,6,2.5,0,7.3,12.0,955.1,15.6,66.0,20.2,12.6,14.9,eor
12540,3379,19880930,10,5.7,2.1,10,1.0,6,0.0,0,8.0,10.9,960.4,9.6,91.0,12.6,8.6,8.6,eor
12541,3379,19881001,10,6.7,2.1,10,0.2,6,0.0,0,8.0,11.7,965.0,10.7,91.0,11.8,9.1,9.3,eor
12542,3379,19881002,10,6.7,2.2,10,0.0,0,0.0,0,8.0,11.9,963.5,11.2,89.0,12.4,10.3,9.9,eor
12891,3379,19890916,10,9.3,3.2,10,0.0,0,6.2,0,3.7,14.3,955.4,17.7,71.0,22.5,12.9,12.4,eor
12892,3379,19890917,10,4.1,0.5,10,0.0,0,10.7,0,1.0,13.3,955.3,18.6,67.0,25.5,10.7,9.9,eor
12893,3379,19890918,10,6.8,1.3,10,0.0,0,10.5,0,0.0,15.2,957.6,20.0,67.0,26.9,13.2,10.4,eor
12894,3379,19890919,10,12.2,1.5,10,6.5,6,9.6,0,2.7,16.7,957.8,19.4,75.0,26.7,14.1,12.5,eor
12895,3379,19890920,10,6.7,1.2,10,0.0,0,9.0,0,2.3,17.2,962.9,19.6,76.0,23.8,15.3,13.8,eor
12896,3379,19890921,10,5.8,1.1,10,0.0,0,5.8,0,3.0,17.6,958.5,18.9,81.0,22.5,15.8,16.1,eor
12897,3379,19890922,10,5.0,1.2,10,0.0,0,7.9,0,2.7,17.0,954.2,18.9,79.0,24.2,14.1,14.4,eor
12898,3379,19890923,10,8.7,1.4,10,3.0,6,0.9,0,4.0,16.5,954.7,17.5,83.0,21.6,13.9,13.7,eor
12899,3379,19890924,10,7.1,1.5,10,0.0,0,0.0,0,8.0,13.9,958.6,14.1,86.0,17.4,12.1,12.3,eor
12900,3379,19890925,10,5.3,1.3,10,9.2,6,0.0,0,7.7,14.2,957.6,14.4,85.0,16.5,13.4,13.8,eor
12901,3379,19890926,10,6.2,1.8,10,0.0,6,0.0,0,7.7,12.3,956.6,12.1,88.0,13.9,10.6,10.5,eor
12902,3379,19890927,10,11.3,2.0,10,15.3,6,0.0,0,7.7,10.9,953.9,9.3,90.0,12.4,7.9,12.0,eor
12903,3379,19890928,10,4.5,1.4,10,6.4,6,0.0,0,8.0,10.5,958.7,8.7,95.0,9.5,6.9,7.2,eor
12904,3379,19890929,10,5.0,1.2,10,1.1,6,0.0,0,7.3,9.8,960.2,9.6,82.0,11.3,8.8,9.0,eor
12905,3379,19890930,10,5.7,1.4,10,0.9,6,5.1,0,6.3,8.3,961.8,9.8,71.0,12.6,6.5,6.0,eor
12906,3379,19891001,10,6.2,2.0,10,0.0,0,0.3,0,7.7,10.6,961.7,11.8,77.0,14.4,8.6,8.5,eor
13262,3379,19900922,10,16.2,3.2,10,33.6,6,1.2,0,7.3,13.3,942.8,14.0,84.0,19.0,7.9,7.4,eor
13263,3379,19900923,10,6.2,1.6,10,12.9,6,1.8,0,7.3,13.9,945.5,14.8,83.0,18.0,12.2,12.3,eor
13264,3379,19900924,10,13.0,2.6,10,1.6,6,5.2,0,4.0,8.7,948.5,10.8,66.0,14.7,9.2,10.8,eor
13265,3379,19900925,10,16.5,3.1,10,0.0,0,5.2,0,2.7,8.3,952.8,11.6,61.0,15.8,6.4,5.4,eor
13266,3379,19900926,10,4.1,0.8,10,0.0,0,3.6,0,5.7,9.0,958.0,11.6,69.0,14.7,6.1,5.1,eor
13267,3379,19900927,10,6.0,1.2,10,0.0,0,6.8,0,4.0,8.3,962.5,11.4,61.0,15.3,10.0,9.2,eor
13268,3379,19900928,10,4.6,0.7,10,0.0,0,9.5,0,0.7,8.8,963.3,11.4,66.0,15.7,8.0,6.8,eor
13269,3379,19900929,10,6.0,1.2,10,0.0,0,9.7,0,2.3,9.3,957.2,14.3,61.0,22.4,7.0,5.6,eor
13270,3379,19900930,10,10.3,2.1,10,0.3,6,4.6,0,6.0,14.2,951.2,18.6,68.0,23.3,12.5,10.0,eor
13271,3379,19901001,10,14.0,3.0,10,15.0,6,3.6,0,7.0,15.2,951.9,17.0,78.0,22.0,15.1,9.0,eor
13272,3379,19901002,10,4.2,1.2,10,0.0,0,0.2,0,5.0,12.5,958.2,13.4,81.0,15.3,12.0,12.0,eor
13273,3379,19901003,10,2.6,0.7,10,0.0,0,6.5,0,3.0,14.8,953.4,16.3,81.0,20.7,12.3,10.6,eor
13274,3379,19901004,10,14.4,1.7,10,13.3,6,1.9,0,7.0,11.8,955.8,10.8,90.0,17.0,9.7,10.0,eor
13275,3379,19901005,10,4.1,1.0,10,0.0,0,4.4,0,4.0,9.0,961.9,10.5,72.0,14.5,8.3,7.5,eor
13276,3379,19901006,10,5.7,1.5,10,0.0,0,8.9,0,4.3,10.0,953.2,14.3,62.0,19.9,7.7,-999.0,eor
13277,3379,19901007,10,9.5,1.4,10,14.3,6,7.7,0,5.0,10.8,946.6,14.2,68.0,18.4,8.2,7.2,eor
13626,3379,19910921,10,4.1,1.5,10,0.0,0,9.2,0,4.0,13.5,954.2,16.2,76.0,21.5,10.1,9.1,eor
13627,3379,19910922,10,17.5,2.2,10,15.5,6,5.7,0,7.3,14.1,950.4,18.1,69.0,26.9,13.8,13.4,eor
13628,3379,19910923,10,17.0,2.5,10,5.0,6,2.5,0,5.7,9.2,954.0,13.1,60.0,15.4,10.7,13.1,eor
13629,3379,19910924,10,5.9,1.8,10,0.0,0,8.7,0,2.3,11.6,953.5,16.8,60.0,23.2,11.2,10.5,eor
13630,3379,19910925,10,5.1,1.2,10,0.0,0,10.6,0,0.7,13.5,947.5,18.4,65.0,25.1,11.6,10.4,eor
13631,3379,19910926,10,9.3,2.3,10,18.3,6,0.4,0,8.0,14.2,939.6,16.0,76.0,22.0,11.8,11.5,eor
13632,3379,19910927,10,9.8,3.7,10,1.0,6,1.3,0,7.0,10.2,946.3,11.5,74.0,14.5,10.6,10.3,eor
13633,3379,19910928,10,7.7,2.7,10,0.0,0,5.4,0,4.7,9.1,943.8,12.5,66.0,16.3,7.1,6.5,eor
13634,3379,19910929,10,10.3,1.8,10,0.0,0,3.8,0,5.3,12.4,937.3,14.8,72.0,24.2,10.0,9.4,eor
13635,3379,19910930,10,7.8,2.6,10,4.9,6,1.1,0,7.3,11.9,943.9,12.4,81.0,17.0,10.6,10.3,eor
13636,3379,19911001,10,15.8,2.7,10,1.9,6,8.3,0,6.0,11.0,950.7,14.4,70.0,17.9,9.4,8.1,eor
13637,3379,19911002,10,15.9,4.5,10,1.2,6,5.1,0,6.7,9.6,960.5,11.0,73.0,14.7,9.4,8.4,eor
13638,3379,19911003,10,4.1,1.1,10,0.0,0,10.1,0,0.3,8.6,965.7,11.3,67.0,16.5,5.9,5.1,eor
13639,3379,19911004,10,6.7,0.9,10,0.0,0,10.4,0,0.3,9.8,962.3,13.0,68.0,18.7,5.8,5.2,eor
13640,3379,19911005,10,3.5,0.3,10,0.0,0,9.3,0,2.7,12.1,953.8,14.1,77.0,20.3,6.7,5.8,eor
13641,3379,19911006,10,8.7,1.6,10,0.0,6,0.0,0,7.0,12.4,951.7,12.1,89.0,14.2,9.3,8.0,eor
13990,3379,19920919,10,4.6,0.9,10,0.2,6,5.7,0,6.3,12.6,958.2,16.0,72.0,20.3,10.8,10.0,eor
13991,3379,19920920,10,4.6,0.5,10,0.0,0,5.8,0,2.0,11.6,958.3,16.4,64.0,20.8,12.1,10.9,eor
13992,3379,19920921,10,5.7,1.0,10,0.0,0,8.6,0,2.3,13.0,955.1,17.7,67.0,23.8,11.6,10.4,eor
13993,3379,19920922,10,12.3,1.8,10,0.0,0,9.8,0,0.3,13.6,951.9,19.2,63.0,26.0,11.9,10.6,eor
13994,3379,19920923,10,7.7,1.4,10,0.6,6,0.9,0,7.0,13.2,956.9,14.8,78.0,18.4,13.2,11.9,eor
13995,3379,19920924,10,4.1,1.1,10,0.0,6,0.1,0,7.7,13.3,958.4,14.4,80.0,16.3,13.1,12.8,eor
13996,3379,19920925,10,5.5,1.0,10,0.0,0,4.9,0,2.7,13.6,958.1,15.3,79.0,19.2,11.4,11.8,eor
13997,3379,19920926,10,6.2,0.9,10,0.0,0,9.3,0,0.0,12.7,957.4,17.1,68.0,22.5,10.1,9.5,eor
13998,3379,19920927,10,8.2,1.6,10,0.0,0,10.1,0,0.0,11.0,953.3,17.5,58.0,24.5,10.4,3.5,eor
13999,3379,19920928,10,8.2,1.5,10,6.9,6,4.7,0,5.7,13.6,952.8,14.6,81.0,19.2,12.1,10.9,eor
14000,3379,19920929,10,8.2,2.1,10,20.9,6,0.0,0,8.0,13.0,955.0,11.8,92.0,13.9,11.2,12.9,eor
14001,3379,19920930,10,6.2,1.5,10,0.6,6,0.0,0,8.0,13.3,957.6,13.4,88.0,14.5,11.1,11.0,eor
14002,3379,19921001,10,3.6,1.0,10,0.1,6,0.7,0,4.7,12.5,956.9,13.0,82.0,16.0,12.1,12.2,eor
14003,3379,19921002,10,6.2,0.9,10,0.0,6,1.7,0,7.0,12.1,951.2,13.6,78.0,17.0,10.0,9.3,eor
14004,3379,19921003,10,7.2,1.4,10,0.9,6,0.4,0,5.3,12.3,940.5,12.0,87.0,13.6,11.6,11.5,eor
14005,3379,19921004,10,18.0,3.8,10,0.0,0,0.0,0,6.0,10.6,937.2,11.8,75.0,13.3,10.5,11.2,eor
14354,3379,19930918,10,7.2,1.1,10,0.0,6,8.6,0,3.0,11.3,957.4,14.0,73.0,18.6,9.0,8.0,eor
14355,3379,19930919,10,7.2,1.5,10,0.0,0,8.7,0,1.7,12.7,960.2,14.3,78.0,18.7,9.8,9.2,eor
14356,3379,19930920,10,6.2,1.2,10,0.0,0,10.0,0,2.0,15.1,960.9,16.0,84.0,21.2,10.4,9.6,eor
14357,3379,19930921,10,5.7,0.8,10,0.2,6,8.9,0,4.3,16.4,958.7,20.4,73.0,26.0,12.8,11.5,eor
14358,3379,19930922,10,11.8,2.4,10,0.0,0,8.6,0,2.3,12.7,952.0,22.6,50.0,29.7,15.4,13.8,eor
14359,3379,19930923,10,4.6,1.0,10,0.0,0,4.4,0,5.0,16.6,949.9,18.4,78.0,22.2,15.3,13.1,eor
14360,3379,19930924,10,7.7,1.3,10,0.7,6,1.2,0,6.3,13.0,943.8,20.0,59.0,25.2,14.0,13.4,eor
14361,3379,19930925,10,11.8,2.8,10,3.9,6,3.4,0,7.3,14.5,943.3,14.4,85.0,20.1,12.2,15.4,eor
14362,3379,19930926,10,8.7,2.9,10,2.7,6,0.7,0,5.7,11.1,951.4,9.5,92.0,12.2,9.0,9.2,eor
14363,3379,19930927,10,6.2,1.3,10,0.0,0,9.3,0,2.3,9.8,954.8,12.0,72.0,16.2,7.5,6.8,eor
14364,3379,19930928,10,9.3,2.1,10,1.6,6,2.0,0,6.7,10.5,952.0,9.2,88.0,12.8,7.9,8.0,eor
14365,3379,19930929,10,7.2,1.8,10,0.0,6,0.0,0,5.3,10.2,953.4,9.2,87.0,11.0,7.8,7.6,eor
14366,3379,19930930,10,8.7,1.6,10,0.0,0,8.1,0,3.7,10.1,951.6,9.8,84.0,15.6,6.0,6.2,eor
14367,3379,19931001,10,7.2,1.9,10,0.0,0,6.0,0,5.3,10.6,941.1,13.2,72.0,19.2,7.7,7.5,eor
14368,3379,19931002,10,11.3,2.4,10,11.2,6,0.0,0,8.0,11.0,931.9,11.5,80.0,14.5,10.0,10.4,eor
14369,3379,19931003,10,13.4,3.7,10,0.0,0,5.8,0,3.3,9.6,941.9,9.8,79.0,13.4,6.7,6.1,eor
14718,3379,19940917,10,7.7,2.2,10,1.4,6,0.8,0,7.3,8.7,954.8,8.7,77.0,12.8,7.3,8.3,eor
14719,3379,19940918,10,10.3,2.4,10,4.5,6,1.7,0,7.0,8.5,958.9,7.9,80.0,10.6,5.4,5.2,eor
14720,3379,19940919,10,5.1,1.1,10,0.0,0,0.7,0,5.0,9.9,957.5,9.6,83.0,12.5,7.2,7.0,eor
14721,3379,19940920,10,8.2,2.0,10,0.0,0,10.2,0,3.0,8.7,946.4,11.0,69.0,15.3,4.4,4.0,eor
14722,3379,19940921,10,8.2,1.8,10,0.0,0,7.3,0,5.7,10.8,949.2,12.7,73.0,17.1,9.8,9.5,eor
14723,3379,19940922,10,7.2,1.8,10,0.0,0,6.1,0,4.7,11.9,958.1,13.4,79.0,17.4,8.5,7.6,eor
14724,3379,19940923,10,8.2,1.9,10,0.0,0,8.5,0,2.3,13.5,958.2,16.2,75.0,21.9,10.1,10.0,eor
14725,3379,19940924,10,5.1,1.1,10,0.0,0,6.4,0,3.7,16.2,953.8,18.9,75.0,25.2,12.6,11.9,eor
14726,3379,19940925,10,6.2,1.3,10,0.0,0,7.4,0,2.7,16.2,956.1,18.4,77.0,22.6,15.3,15.0,eor
14727,3379,19940926,10,8.2,0.9,10,6.0,6,0.6,0,7.0,17.3,953.6,16.7,91.0,19.2,14.3,13.0,eor
14728,3379,19940927,10,6.9,1.2,10,2.7,6,1.5,0,5.3,15.1,955.5,15.6,85.0,18.4,14.0,14.0,eor
14729,3379,19940928,10,5.1,0.9,10,0.0,0,1.0,0,4.7,13.1,959.9,14.8,77.0,17.4,13.9,13.4,eor
14730,3379,19940929,10,3.6,0.8,10,0.0,0,7.9,0,5.7,13.1,960.4,14.9,80.0,19.1,9.1,9.2,eor
14731,3379,19940930,10,5.1,0.7,10,0.0,6,6.1,0,7.0,14.8,957.8,16.0,84.0,19.5,9.7,9.2,eor
14732,3379,19941001,10,5.7,1.1,10,0.4,6,0.0,0,7.3,15.4,958.7,15.8,85.0,17.3,13.9,13.6,eor
14733,3379,19941002,10,6.0,0.9,10,4.9,6,0.9,0,5.3,16.3,954.2,15.6,92.0,18.6,13.0,12.4,eor
15082,3379,19950916,10,5.1,1.0,10,1.6,6,9.0,0,5.0,11.9,950.2,14.6,76.0,19.4,8.1,7.6,eor
15083,3379,19950917,10,6.2,1.4,10,0.0,0,8.6,0,2.7,12.8,954.8,15.2,76.0,19.3,12.0,11.5,eor
15084,3379,19950918,10,4.1,1.7,10,0.0,0,7.2,0,4.3,12.9,955.2,15.5,75.0,20.1,10.8,10.8,eor
15085,3379,19950919,10,6.2,2.1,10,2.0,6,2.2,0,5.7,14.7,945.7,14.8,87.0,18.6,12.1,12.0,eor
15086,3379,19950920,10,10.3,2.8,10,10.8,6,1.4,0,7.3,11.8,945.6,12.3,80.0,17.0,9.8,11.0,eor
15087,3379,19950921,10,6.7,2.0,10,5.9,6,0.0,0,7.7,12.3,954.8,10.8,95.0,11.6,9.6,9.1,eor
15088,3379,19950922,10,2.6,0.8,10,0.0,0,0.0,0,6.7,9.3,959.2,11.5,73.0,16.3,6.9,7.7,eor
15089,3379,19950923,10,2.6,0.9,10,0.0,0,5.3,0,5.0,11.0,960.0,12.9,74.0,17.1,8.2,7.5,eor
15090,3379,19950924,10,4.1,1.3,10,0.0,6,8.5,0,4.0,9.9,954.1,13.6,69.0,18.6,7.0,6.4,eor
15091,3379,19950925,10,6.7,1.7,10,0.0,0,3.2,0,5.7,10.8,956.2,13.4,70.0,17.0,11.5,11.0,eor
15092,3379,19950926,10,5.7,1.8,10,0.0,0,1.1,0,4.7,10.4,960.5,11.8,73.0,15.0,10.6,11.3,eor
15093,3379,19950927,10,13.4,3.7,10,11.7,6,6.2,0,7.0,11.4,952.6,14.0,75.0,20.3,8.5,7.8,eor
15094,3379,19950928,10,8.7,2.4,10,0.0,6,6.8,0,4.7,7.3,956.9,9.3,61.0,13.0,7.8,7.8,eor
15095,3379,19950929,10,7.2,2.4,10,0.0,0,7.1,0,2.7,7.0,957.9,7.7,68.0,11.5,5.5,5.0,eor
15096,3379,19950930,10,8.2,2.7,10,0.0,0,3.9,0,5.0,6.7,954.7,8.4,63.0,11.8,4.5,4.0,eor
15097,3379,19951001,10,6.7,2.6,10,3.5,6,0.0,0,7.7,10.7,954.2,10.4,86.0,11.7,7.9,7.6,eor
15453,3379,19960921,10,4.1,0.9,10,10.2,6,0.6,0,7.3,12.0,942.3,10.8,93.0,12.0,9.1,9.0,eor
15454,3379,19960922,10,5.7,1.4,10,3.1,6,0.5,0,8.0,12.7,942.9,12.0,91.0,13.3,10.4,10.1,eor
15455,3379,19960923,10,5.1,2.0,10,4.4,6,0.0,0,8.0,12.6,943.5,11.0,95.0,12.2,10.7,10.7,eor
15456,3379,19960924,10,6.7,2.6,10,0.2,6,0.3,0,6.7,9.9,948.6,9.7,82.0,12.0,8.6,8.6,eor
15457,3379,19960925,10,4.1,1.4,10,0.0,0,7.8,0,3.7,8.7,950.5,10.6,70.0,14.6,7.4,7.1,eor
15458,3379,19960926,10,4.6,1.1,10,0.0,6,6.0,0,4.7,9.2,956.1,11.6,69.0,16.5,6.8,5.6,eor
15459,3379,19960927,10,8.2,2.4,10,1.9,6,6.3,0,3.0,9.8,954.6,12.6,69.0,17.7,6.8,5.9,eor
15460,3379,19960928,10,6.2,2.2,10,3.2,6,3.1,0,5.3,11.2,962.6,12.1,78.0,15.0,11.3,10.4,eor
15461,3379,19960929,10,3.6,1.3,10,0.0,6,1.3,0,7.0,9.9,961.7,13.0,70.0,15.8,6.9,6.5,eor
15462,3379,19960930,10,3.1,1.0,10,0.0,0,10.5,0,2.0,9.4,954.5,17.3,51.0,24.9,9.4,7.9,eor
15463,3379,19961001,10,14.9,1.7,10,2.2,6,8.7,0,6.0,10.8,945.0,15.9,60.0,23.0,11.0,9.0,eor
15464,3379,19961002,10,7.7,2.4,10,13.5,6,0.0,0,6.7,10.2,955.1,7.6,96.0,14.1,6.9,7.7,eor
15465,3379,19961003,10,2.6,1.0,10,0.0,0,6.9,0,2.3,8.7,963.5,8.8,77.0,13.9,5.6,6.4,eor
15466,3379,19961004,10,4.6,1.3,10,0.0,0,6.4,0,6.0,8.1,956.8,11.0,66.0,15.5,4.2,3.6,eor
15467,3379,19961005,10,6.7,1.6,10,11.0,6,1.4,0,7.7,10.5,952.2,8.6,93.0,13.2,8.0,8.0,eor
15468,3379,19961006,10,4.6,1.6,10,0.0,6,1.3,0,8.0,9.8,956.8,8.9,87.0,10.9,5.8,5.6,eor
15817,3379,19970920,3,10.3,3.1,10,0.0,0,9.8,0,2.0,9.4,964.0,11.6,68.0,16.7,9.2,7.7,eor
15818,3379,19970921,3,6.7,2.2,10,0.0,0,11.5,0,1.7,8.8,962.7,10.6,69.0,17.3,4.9,2.5,eor
15819,3379,19970922,3,8.2,2.0,10,0.0,0,11.4,0,2.7,9.3,962.6,11.4,70.0,18.4,4.5,2.2,eor
15820,3379,19970923,3,6.2,1.7,10,0.0,0,11.2,0,1.7,9.6,961.1,12.6,68.0,20.2,5.3,2.6,eor
15821,3379,19970924,3,6.2,2.2,10,0.0,0,11.1,0,1.3,10.1,962.5,13.0,69.0,19.9,7.9,5.4,eor
15822,3379,19970925,3,9.8,2.9,10,0.0,0,11.4,0,1.0,9.5,964.9,12.8,66.0,19.3,6.7,4.5,eor
15823,3379,19970926,3,7.7,2.3,10,0.0,0,11.5,0,0.7,9.8,962.0,12.6,69.0,20.0,6.2,3.2,eor
15824,3379,19970927,3,5.1,1.3,10,0.0,0,11.3,0,0.7,10.0,955.8,13.7,67.0,21.7,7.1,4.6,eor
15825,3379,19970928,3,5.1,1.5,10,0.0,0,10.6,0,5.7,11.0,955.9,14.5,69.0,21.3,7.4,4.7,eor
15826,3379,19970929,3,4.6,1.2,10,0.0,0,10.1,0,0.3,10.9,960.5,15.7,66.0,22.7,7.9,5.0,eor
15827,3379,19970930,3,8.7,2.5,10,0.1,6,0.2,0,7.3,11.2,961.9,16.4,60.0,20.3,12.3,10.1,eor
15828,3379,19971001,3,10.8,3.2,10,10.2,6,0.0,0,7.3,14.1,956.0,16.1,77.0,17.0,14.6,14.5,eor
15829,3379,19971002,3,15.4,5.7,10,2.4,6,1.2,0,6.7,11.2,951.3,15.0,61.0,18.3,12.4,14.7,eor
15830,3379,19971003,3,12.9,2.0,10,0.0,0,2.1,0,6.0,8.2,959.2,8.8,70.0,12.5,7.1,7.6,eor
15831,3379,19971004,3,7.2,1.5,10,0.0,0,9.0,0,4.3,9.1,960.1,10.6,73.0,17.9,3.7,1.8,eor
15832,3379,19971005,3,4.6,1.6,10,0.0,0,10.9,0,0.0,10.6,956.1,13.2,72.0,21.6,5.4,3.0,eor
16181,3379,19980919,10,4.7,1.3,10,0.0,0,5.3,0,6.7,9.4,968.6,11.3,73.0,15.2,4.7,2.8,eor
16182,3379,19980920,10,10.3,2.9,10,0.0,0,10.7,0,1.7,10.1,969.5,12.5,72.0,17.4,7.1,4.7,eor
16183,3379,19980921,10,10.9,3.6,10,0.0,0,8.4,0,1.7,9.9,967.4,12.0,72.0,17.4,7.5,5.7,eor
16184,3379,19980922,10,11.1,3.3,10,0.0,0,7.6,0,4.0,10.2,962.1,12.4,71.0,17.2,9.5,7.0,eor
16185,3379,19980923,10,7.1,2.0,10,0.0,0,3.8,0,3.7,10.7,961.0,10.8,82.0,15.8,6.5,4.0,eor
16186,3379,19980924,10,5.3,1.5,10,0.0,0,8.5,0,2.7,11.3,957.8,12.4,80.0,19.8,6.4,4.1,eor
16187,3379,19980925,10,4.1,1.2,10,0.0,0,4.8,0,5.7,13.1,953.2,14.0,84.0,18.9,9.0,7.5,eor
16188,3379,19980926,10,7.2,1.7,10,0.9,6,6.7,0,6.0,12.5,946.6,15.4,74.0,22.2,8.5,6.7,eor
16189,3379,19980927,10,10.5,2.0,10,0.5,6,2.3,0,4.7,13.2,946.2,14.8,78.0,19.9,11.9,9.5,eor
16190,3379,19980928,10,7.7,2.5,10,0.0,0,2.1,0,5.7,11.8,946.8,13.8,74.0,17.9,11.8,10.4,eor
16191,3379,19980929,10,8.1,2.3,10,0.0,6,2.7,0,5.0,11.8,948.9,13.0,77.0,17.1,11.2,8.8,eor
16192,3379,19980930,10,5.6,2.0,10,2.9,6,5.0,0,6.3,13.0,945.7,13.5,84.0,18.3,8.4,5.9,eor
16193,3379,19981001,10,7.0,2.3,10,10.8,6,0.5,0,7.7,12.8,946.4,11.8,91.0,13.9,10.9,10.8,eor
16194,3379,19981002,10,5.7,2.3,10,0.9,6,3.8,0,5.7,11.4,946.4,10.8,86.0,15.3,9.4,8.9,eor
16195,3379,19981003,10,5.4,1.8,10,2.8,6,2.9,0,7.0,10.4,948.5,10.5,82.0,14.5,7.4,5.9,eor
16196,3379,19981004,10,6.5,1.8,10,7.1,6,3.1,0,7.3,11.1,946.0,10.8,85.0,14.0,8.6,7.0,eor
16545,3379,19990918,10,9.1,2.1,10,0.0,6,4.6,0,7.3,15.5,949.5,17.6,78.0,20.4,13.6,12.8,eor
16546,3379,19990919,10,7.4,2.3,10,0.0,0,8.3,0,5.7,12.2,943.0,19.4,58.0,26.2,12.1,9.8,eor
16547,3379,19990920,10,14.4,4.4,10,3.2,6,2.1,0,6.3,12.4,940.0,19.7,52.0,27.6,15.4,14.6,eor
16548,3379,19990921,10,6.7,2.0,10,0.0,0,6.1,0,3.7,12.9,948.0,16.2,71.0,20.8,12.6,10.5,eor
16549,3379,19990922,10,5.9,1.8,10,0.0,0,6.6,0,5.3,12.4,952.6,20.0,55.0,26.9,13.9,11.0,eor
16550,3379,19990923,10,10.7,2.0,10,12.5,6,8.9,0,3.7,13.6,955.6,18.6,66.0,26.3,13.5,11.6,eor
16551,3379,19990924,10,10.7,2.1,10,0.0,6,7.7,0,5.3,15.6,959.5,19.1,71.0,23.6,15.5,14.2,eor
16552,3379,19990925,10,8.9,1.8,10,9.1,6,1.7,0,7.0,16.0,953.7,17.4,81.0,19.5,14.8,12.8,eor
16553,3379,19990926,10,6.6,2.8,10,15.8,6,0.0,0,7.3,15.1,951.1,13.9,93.0,17.5,13.1,13.8,eor
16554,3379,19990927,10,4.8,1.7,10,1.5,6,7.3,0,5.0,11.7,951.0,15.7,68.0,21.0,10.2,8.0,eor
16555,3379,19990928,10,11.4,3.5,10,7.7,6,0.4,0,7.0,13.4,950.5,13.4,86.0,16.3,12.5,12.2,eor
16556,3379,19990929,10,13.9,3.8,10,5.6,6,0.9,0,7.7,12.8,950.7,15.2,74.0,19.5,11.5,9.2,eor
16557,3379,19990930,10,12.5,2.7,10,3.6,6,2.0,0,7.7,13.8,943.3,14.5,81.0,22.0,12.0,12.3,eor
16558,3379,19991001,10,16.8,5.5,10,0.0,6,5.1,0,4.0,10.4,951.6,13.4,67.0,16.9,11.9,10.5,eor
16559,3379,19991002,10,5.8,1.9,10,0.4,6,4.0,0,5.0,11.3,948.6,15.4,66.0,20.4,10.9,8.9,eor
16560,3379,19991003,10,11.7,2.6,10,16.1,6,0.5,0,7.7,11.6,950.1,9.6,92.0,16.8,7.9,11.5,eor
16909,3379,20000916,10,11.3,3.0,10,12.1,6,0.8,0,7.3,13.6,950.6,14.1,82.0,19.7,12.3,12.5,eor
16910,3379,20000917,10,13.4,4.5,10,1.4,6,0.0,0,8.0,13.6,951.1,12.2,96.0,13.2,10.9,10.4,eor
16911,3379,20000918,10,6.1,1.8,10,0.0,0,1.8,0,5.3,13.7,948.9,13.4,87.0,18.0,11.6,11.2,eor
16912,3379,20000919,10,6.8,2.8,10,0.0,0,2.5,0,5.0,13.6,946.4,12.3,94.0,17.6,9.0,6.8,eor
16913,3379,20000920,10,9.0,2.5,10,33.4,6,3.2,0,7.0,14.8,945.3,13.8,93.0,19.6,8.8,8.9,eor
16914,3379,20000921,10,14.3,4.3,10,64.9,6,0.0,0,8.0,13.3,952.6,11.0,100.0,13.6,10.3,12.1,eor
16915,3379,20000922,10,8.5,2.2,10,0.5,6,0.0,0,8.0,13.3,963.1,12.3,94.0,14.1,10.1,9.8,eor
16916,3379,20000923,10,9.8,3.0,10,0.0,0,3.9,0,4.0,11.8,961.5,11.5,85.0,16.4,9.9,10.4,eor
16917,3379,20000924,10,4.5,1.6,10,0.0,0,4.9,0,2.7,11.6,959.3,10.3,92.0,15.3,6.6,4.4,eor
16918,3379,20000925,10,5.2,1.3,10,0.0,6,8.7,0,5.0,15.2,961.3,14.8,90.0,20.9,8.0,6.6,eor
16919,3379,20000926,10,4.4,1.5,10,0.0,0,8.6,0,3.7,16.3,960.8,15.8,89.0,22.0,12.4,10.9,eor
16920,3379,20000927,10,4.5,1.2,10,0.0,0,10.8,0,2.0,15.6,957.8,16.6,84.0,23.1,10.5,8.8,eor
16921,3379,20000928,10,7.7,2.3,10,0.0,0,10.3,0,2.3,16.2,951.1,17.5,82.0,24.1,13.7,11.3,eor
16922,3379,20000929,10,7.2,2.4,10,0.0,0,10.8,0,1.0,15.6,943.9,17.2,81.0,24.4,10.6,9.0,eor
16923,3379,20000930,10,7.5,2.1,10,0.2,6,8.7,0,6.3,15.1,943.5,17.0,79.0,24.1,10.1,8.2,eor
16924,3379,20001001,10,7.5,2.4,10,12.8,6,1.3,0,7.3,13.9,946.3,13.7,88.0,16.7,12.7,12.3,eor
16925,3379,20001002,10,9.7,2.2,10,27.5,6,0.0,0,8.0,13.8,950.5,11.5,99.0,14.4,10.2,11.4,eor
16926,3379,20001003,10,6.1,1.9,10,3.3,6,0.0,0,8.0,12.7,960.1,10.7,99.0,11.5,9.7,9.2,eor
17280,3379,20010922,10,4.4,1.1,10,0.9,6,0.3,0,6.7,12.1,953.2,10.5,95.0,13.1,8.2,6.4,eor
17281,3379,20010923,10,7.6,2.2,10,2.4,6,0.0,0,8.0,12.3,947.3,10.2,98.0,12.2,7.2,6.0,eor
17282,3379,20010924,10,8.2,1.9,10,0.5,6,0.1,0,8.0,14.2,948.7,12.7,96.0,14.7,10.5,8.0,eor
17283,3379,20010925,10,5.5,1.5,10,2.1,6,0.1,0,8.0,12.3,955.6,11.1,93.0,13.8,8.8,7.0,eor
17284,3379,20010926,10,7.1,2.1,10,0.4,6,2.2,0,5.7,11.7,959.5,10.7,92.0,14.4,8.5,6.1,eor
17285,3379,20010927,10,7.1,2.2,10,0.0,6,3.1,0,5.7,12.3,958.4,12.5,85.0,17.6,8.0,6.6,eor
17286,3379,20010928,10,5.5,2.1,10,0.0,0,10.8,0,1.7,12.4,957.1,13.4,83.0,20.3,9.2,6.6,eor
17287,3379,20010929,10,5.1,1.4,10,0.9,6,7.4,0,5.3,13.6,954.2,13.9,86.0,21.2,6.7,5.2,eor
17288,3379,20010930,10,7.1,2.3,10,2.2,6,0.6,0,5.7,15.8,955.8,14.0,98.0,15.8,11.0,8.9,eor
17289,3379,20011001,10,6.8,2.6,10,0.1,6,0.4,0,7.3,13.7,955.7,15.7,78.0,19.9,11.0,8.7,eor
17290,3379,20011002,10,7.3,2.5,10,0.0,0,10.2,0,2.0,14.1,955.2,20.8,59.0,27.8,15.6,11.9,eor
17291,3379,20011003,10,11.0,2.5,10,0.0,6,10.7,0,1.3,14.3,954.0,18.3,71.0,25.0,12.9,9.9,eor
17292,3379,20011004,10,11.8,2.7,10,0.9,6,1.8,0,5.7,14.0,956.8,13.2,92.0,15.9,8.1,5.7,eor
17293,3379,20011005,10,6.4,2.1,10,0.1,6,7.5,0,5.0,12.5,953.6,11.8,91.0,17.1,6.6,4.8,eor
17294,3379,20011006,10,5.3,2.0,10,0.0,6,6.1,0,5.3,13.8,953.2,15.8,79.0,22.5,10.9,8.4,eor
17295,3379,20011007,10,8.3,2.1,10,1.4,6,0.7,0,7.3,15.4,950.8,13.9,96.0,17.8,10.9,8.4,eor
17644,3379,20020921,10,6.4,1.6,10,1.7,6,0.7,0,7.3,13.1,953.8,14.1,82.0,17.3,11.3,10.6,eor
17645,3379,20020922,10,8.1,1.9,10,6.1,6,4.0,0,6.7,10.4,947.8,11.9,76.0,16.3,8.9,8.4,eor
17646,3379,20020923,10,8.7,2.2,10,23.8,6,0.4,0,7.7,10.3,946.2,9.1,89.0,10.9,8.0,7.8,eor
17647,3379,20020924,10,10.9,3.9,10,35.9,8,0.0,0,8.0,8.3,949.7,5.1,93.0,8.9,0.6,0.0,eor
17648,3379,20020925,10,8.1,3.1,10,2.3,6,0.0,0,8.0,6.9,953.9,3.3,89.0,5.0,1.1,1.3,eor
17649,3379,20020926,10,11.4,4.1,10,5.6,6,0.0,0,8.0,8.8,955.4,6.6,90.0,8.2,4.7,4.2,eor
17650,3379,20020927,10,11.2,3.1,10,9.0,6,0.0,0,8.0,10.2,959.1,8.3,93.0,10.2,4.6,2.7,eor
17651,3379,20020928,10,5.3,1.4,10,0.0,0,9.8,0,1.7,7.2,965.3,6.8,76.0,13.1,1.8,0.3,eor
17652,3379,20020929,10,9.5,2.1,10,0.0,0,11.4,0,0.3,6.7,967.2,7.1,70.0,14.0,0.6,-0.8,eor
17653,3379,20020930,10,5.7,1.8,10,0.0,0,11.4,0,1.0,7.5,965.5,8.0,73.0,16.1,1.4,-0.6,eor
17654,3379,20021001,10,4.1,1.2,10,0.0,0,11.2,0,1.3,8.1,963.2,9.6,71.0,18.2,2.3,0.5,eor
17655,3379,20021002,10,3.9,1.3,10,0.0,0,10.2,0,6.7,9.3,962.2,10.4,75.0,18.1,3.3,1.5,eor
17656,3379,20021003,10,9.9,2.6,10,2.1,6,3.7,0,6.3,10.7,962.0,13.2,72.0,18.4,7.3,5.5,eor
17657,3379,20021004,10,9.7,2.4,10,6.0,6,0.0,0,8.0,12.3,962.1,11.7,89.0,14.4,8.0,6.3,eor
17658,3379,20021005,10,8.0,2.8,10,7.9,6,2.8,0,7.0,9.9,961.2,10.0,82.0,13.5,6.9,5.3,eor
17659,3379,20021006,10,12.3,4.8,10,6.8,6,0.6,0,8.0,10.3,950.7,9.3,88.0,10.8,7.7,7.4,eor
18008,3379,20030920,10,5.4,1.5,10,0.0,0,11.7,0,0.7,13.1,962.3,19.6,62.0,28.2,11.5,9.5,eor
18009,3379,20030921,10,6.4,1.8,10,0.0,0,11.4,0,0.3,13.2,961.2,20.3,60.0,28.4,13.7,11.2,eor
18010,3379,20030922,10,9.4,2.3,10,0.4,6,11.0,0,1.0,12.2,953.9,20.2,56.0,27.5,13.0,11.0,eor
18011,3379,20030923,10,11.8,3.3,10,2.0,6,0.0,0,7.7,12.8,954.6,15.1,75.0,18.2,10.7,9.8,eor
18012,3379,20030924,10,7.5,2.3,10,0.0,6,4.4,0,4.0,8.5,966.3,10.9,67.0,15.4,6.5,4.6,eor
18013,3379,20030925,10,11.8,3.5,10,0.0,0,11.6,0,1.0,7.5,966.4,10.7,61.0,17.0,5.6,3.5,eor
18014,3379,20030926,10,5.5,2.0,10,0.0,0,11.3,0,3.7,9.1,960.2,15.2,56.0,24.0,6.0,3.7,eor
18015,3379,20030927,10,7.4,2.0,10,0.1,6,10.5,0,2.3,10.6,956.9,16.4,58.0,22.1,12.0,9.0,eor
18016,3379,20030928,10,10.3,2.0,10,9.1,6,7.9,0,7.0,12.2,951.3,16.3,68.0,22.4,12.4,11.2,eor
18017,3379,20030929,10,9.7,2.7,10,0.0,6,3.4,0,4.7,10.3,953.4,11.9,74.0,15.4,6.5,4.5,eor
18018,3379,20030930,10,7.8,2.3,10,0.0,0,10.8,0,1.7,8.9,954.6,10.6,71.0,16.9,4.4,2.7,eor
18019,3379,20031001,10,6.8,2.0,10,0.9,6,0.3,0,7.3,11.3,951.5,12.1,80.0,16.2,6.5,4.4,eor
18020,3379,20031002,10,11.5,2.5,10,0.0,6,3.3,0,6.7,13.4,952.8,17.2,69.0,22.6,13.3,11.1,eor
18021,3379,20031003,10,11.0,2.5,10,7.4,6,1.9,0,6.7,14.3,950.4,14.8,85.0,18.9,10.9,9.3,eor
18022,3379,20031004,10,12.9,3.5,10,19.6,6,0.8,0,7.7,12.8,946.3,12.9,86.0,16.9,10.2,9.4,eor
18023,3379,20031005,10,8.9,2.8,10,34.7,6,0.0,0,8.0,9.8,944.0,7.5,94.0,10.2,5.3,5.2,eor
18372,3379,20040918,10,4.6,1.5,10,0.0,0,11.9,0,2.7,12.2,958.6,14.7,74.0,22.9,6.3,4.9,eor
18373,3379,20040919,10,9.1,2.8,10,0.1,6,9.2,0,4.3,12.5,957.1,16.8,68.0,23.5,10.5,8.1,eor
18374,3379,20040920,10,10.1,2.4,10,0.0,0,3.0,0,6.7,13.9,956.8,16.6,74.0,20.8,14.0,12.5,eor
18375,3379,20040921,10,17.2,6.5,10,0.0,6,1.9,0,5.3,10.3,956.4,14.3,63.0,17.0,11.6,10.2,eor
18376,3379,20040922,10,18.0,6.8,10,4.5,6,0.0,0,7.3,8.6,956.5,11.9,62.0,13.2,10.6,9.0,eor
18377,3379,20040923,10,21.0,8.5,10,11.0,6,0.1,0,8.0,12.4,947.3,13.5,80.0,16.5,8.7,8.1,eor
18378,3379,20040924,10,14.7,3.8,10,2.4,6,3.8,0,4.3,9.7,951.2,9.0,84.0,13.1,7.3,6.3,eor
18379,3379,20040925,10,8.5,3.4,10,8.4,6,0.2,0,7.7,10.2,956.4,8.6,90.0,10.9,7.1,5.9,eor
18380,3379,20040926,10,7.5,2.9,10,0.4,6,0.0,0,7.7,9.6,960.5,8.4,87.0,9.6,6.6,5.1,eor
18381,3379,20040927,10,8.0,2.8,10,0.8,6,1.2,0,7.3,10.1,961.4,11.6,75.0,15.0,8.7,8.0,eor
18382,3379,20040928,10,7.2,2.7,10,0.0,6,2.8,0,7.3,12.5,959.5,13.5,82.0,17.3,10.7,10.0,eor
18383,3379,20040929,10,10.6,3.3,10,4.5,6,0.5,0,8.0,12.9,956.5,13.9,82.0,17.0,11.4,9.8,eor
18384,3379,20040930,10,5.7,1.7,10,0.8,6,2.4,0,6.7,12.3,959.5,12.9,83.0,16.8,10.3,8.1,eor
18385,3379,20041001,10,10.3,1.4,10,9.6,8,0.3,0,6.7,13.6,959.9,12.8,92.0,17.1,9.7,7.8,eor
18386,3379,20041002,10,9.4,1.5,10,0.5,6,1.8,0,7.3,13.2,960.7,13.4,86.0,16.6,9.2,7.4,eor
18387,3379,20041003,10,5.3,2.0,10,0.0,0,10.3,0,2.3,11.3,962.6,14.0,73.0,19.9,10.0,7.6,eor
18736,3379,20050917,10,7.5,2.6,10,1.2,6,0.0,0,7.7,10.2,955.1,9.4,87.0,10.8,8.3,8.2,eor
18737,3379,20050918,10,12.9,3.8,10,0.0,6,2.6,0,7.0,9.1,961.3,9.8,76.0,12.6,7.8,7.6,eor
18738,3379,20050919,10,11.0,3.5,10,0.0,0,7.0,0,5.0,8.5,960.7,9.9,71.0,14.3,6.6,5.1,eor
18739,3379,20050920,10,5.0,1.3,10,0.0,0,5.7,0,5.7,9.4,961.3,10.9,74.0,16.5,6.9,5.1,eor
18740,3379,20050921,10,9.2,2.6,10,0.0,0,9.0,0,3.3,9.6,960.4,11.3,73.0,16.9,6.2,4.4,eor
18741,3379,20050922,10,6.0,1.7,10,0.0,0,11.3,0,1.7,10.9,958.8,12.0,79.0,19.2,5.8,4.1,eor
18742,3379,20050923,10,5.0,1.4,10,0.0,0,10.8,0,0.7,12.6,957.3,14.6,78.0,21.7,8.8,6.8,eor
18743,3379,20050924,10,6.4,1.9,10,0.0,0,10.4,0,2.3,12.2,957.3,15.6,71.0,22.2,10.2,8.0,eor
18744,3379,20050925,10,4.2,1.3,10,0.0,0,11.1,0,2.0,12.2,954.9,14.7,76.0,22.4,7.8,5.9,eor
18745,3379,20050926,10,8.9,2.1,10,0.2,6,8.9,0,4.3,13.9,959.4,16.0,77.0,21.0,10.9,8.8,eor
18746,3379,20050927,10,9.4,1.6,10,3.1,6,0.0,0,7.7,14.6,961.2,14.2,90.0,15.4,13.3,11.7,eor
18747,3379,20050928,10,7.7,2.4,10,6.6,6,2.5,0,6.7,13.5,960.5,15.0,80.0,19.2,10.7,9.6,eor
18748,3379,20050929,10,13.4,3.3,10,3.6,6,0.2,0,7.3,11.6,958.7,11.8,85.0,15.2,8.2,6.8,eor
18749,3379,20050930,10,7.7,2.8,10,0.0,0,5.8,0,5.3,8.6,963.1,10.0,72.0,14.9,6.7,5.3,eor
18750,3379,20051001,10,6.1,2.0,10,15.3,6,0.0,0,7.7,10.7,956.1,11.3,80.0,14.3,9.2,8.6,eor
18751,3379,20051002,10,8.5,3.4,10,20.6,6,0.0,0,8.0,11.6,955.8,9.7,97.0,12.0,8.3,7.9,eor
18752,3379,20051003,10,9.5,2.0,10,2.5,6,0.0,0,7.7,11.4,959.7,9.5,95.0,11.4,7.3,7.0,eor
19100,3379,20060916,10,6.6,1.8,10,0.0,6,5.1,0,6.0,16.2,948.3,17.3,83.0,22.1,11.7,9.5,eor
19101,3379,20060917,10,5.7,1.9,10,0.0,6,3.2,0,5.7,15.3,948.8,16.3,83.0,20.3,13.8,12.1,eor
19102,3379,20060918,10,10.6,2.9,10,2.4,6,0.9,0,7.0,15.8,952.1,16.2,86.0,20.7,13.8,11.9,eor
19103,3379,20060919,10,9.8,2.9,10,12.4,6,0.5,0,7.3,15.4,956.0,14.9,91.0,16.9,13.6,12.1,eor
19104,3379,20060920,10,5.1,1.9,10,0.0,0,6.9,0,5.0,14.4,958.4,16.6,78.0,21.8,12.8,9.7,eor
19105,3379,20060921,10,8.5,2.3,10,0.0,0,11.7,0,2.7,14.0,956.5,16.1,79.0,23.5,10.1,7.3,eor
19106,3379,20060922,10,5.6,1.9,10,0.0,0,9.8,0,2.7,15.2,954.6,16.6,82.0,23.3,11.7,9.5,eor
19107,3379,20060923,10,7.5,2.5,10,0.0,0,6.8,0,3.3,14.5,953.4,15.7,82.0,22.8,11.1,9.3,eor
19108,3379,20060924,10,6.9,1.6,10,0.0,0,10.4,0,1.3,14.6,950.4,16.3,80.0,24.3,9.2,7.6,eor
19109,3379,20060925,10,7.3,2.1,10,0.6,6,3.9,0,6.7,16.0,948.4,17.6,80.0,21.9,14.3,12.6,eor
19110,3379,20060926,10,8.7,2.8,10,12.2,6,0.0,0,8.0,15.6,954.7,13.9,98.0,15.6,13.2,13.3,eor
19111,3379,20060927,10,4.7,1.6,10,0.9,6,0.0,0,7.7,16.0,955.6,14.3,98.0,16.3,12.7,11.0,eor
19112,3379,20060928,10,4.8,1.5,10,0.0,0,1.4,0,6.3,14.5,953.2,14.2,90.0,18.6,11.7,10.0,eor
19113,3379,20060929,10,4.2,1.3,10,0.0,0,6.9,0,5.0,14.5,952.9,14.4,89.0,21.0,9.7,7.9,eor
19114,3379,20060930,10,6.0,2.0,10,1.8,6,9.5,0,4.0,14.8,954.0,17.2,77.0,23.1,11.3,9.8,eor
19115,3379,20061001,10,7.9,2.5,10,4.1,6,2.2,0,7.7,16.0,955.0,16.8,85.0,21.4,14.7,13.7,eor
19116,3379,20061002,10,6.9,2.4,10,0.0,6,1.8,0,7.0,14.9,953.5,17.1,77.0,21.4,13.9,12.0,eor
19117,3379,20061003,10,16.3,2.6,10,28.5,6,5.5,0,7.0,15.2,944.1,16.2,83.0,22.4,11.9,10.0,eor
19471,3379,20070922,10,4.4,1.5,10,0.0,0,11.4,0,3.0,11.4,961.9,15.5,69.0,24.4,8.8,7.5,eor
19472,3379,20070923,10,6.1,1.5,10,0.0,0,11.6,0,0.7,12.0,961.6,15.6,71.0,23.8,9.0,8.0,eor
19473,3379,20070924,10,4.9,1.3,10,3.3,6,11.4,0,0.3,13.4,956.5,16.3,75.0,24.4,9.2,8.2,eor
19474,3379,20070925,10,12.5,2.6,10,20.0,6,0.0,0,8.0,11.8,955.8,11.2,88.0,15.6,8.0,7.6,eor
19475,3379,20070926,10,5.9,2.0,10,15.2,6,0.0,0,8.0,10.0,951.1,8.2,92.0,8.8,7.7,7.4,eor
19476,3379,20070927,10,5.3,1.7,10,3.5,6,0.2,0,5.7,10.5,943.1,9.9,87.0,12.9,8.1,7.7,eor
19477,3379,20070928,10,13.2,3.8,10,22.1,6,0.0,0,7.7,10.2,944.8,9.4,87.0,11.2,7.9,7.6,eor
19478,3379,20070929,10,13.1,3.8,10,0.0,0,8.4,0,4.7,9.7,954.8,13.1,66.0,18.6,10.1,8.7,eor
19479,3379,20070930,10,4.8,1.5,10,0.0,0,6.0,0,5.7,11.2,962.1,13.2,75.0,19.3,8.3,6.8,eor
19480,3379,20071001,10,4.1,1.3,10,0.0,0,10.3,0,2.3,12.4,962.5,14.3,78.0,21.8,7.8,6.6,eor
19481,3379,20071002,10,4.6,1.4,10,0.5,6,7.1,0,6.7,14.5,959.4,16.4,79.0,22.6,10.0,8.8,eor
19482,3379,20071003,10,5.8,1.4,10,0.0,6,8.3,0,3.7,16.0,958.4,17.8,80.0,24.3,13.1,12.0,eor
19483,3379,20071004,10,7.8,1.6,10,0.1,6,1.6,0,5.3,16.1,959.8,17.1,83.0,22.0,13.6,12.5,eor
19484,3379,20071005,10,7.0,1.7,10,6.3,6,0.0,0,7.7,15.7,960.0,15.6,89.0,17.1,11.7,11.6,eor
19485,3379,20071006,10,8.2,2.8,10,0.0,0,3.9,0,6.7,10.3,959.3,11.4,77.0,15.0,7.8,6.4,eor
19486,3379,20071007,10,6.2,2.0,10,0.0,0,9.8,0,1.7,9.5,959.6,10.1,78.0,15.8,5.7,4.2,eor
19835,3379,20080920,10,7.2,2.3,10,0.0,0,0.2,0,7.7,7.5,965.6,8.8,67.0,12.0,5.5,4.3,eor
19836,3379,20080921,10,5.9,1.9,10,0.0,6,2.5,0,6.7,8.6,960.2,9.4,73.0,13.5,6.9,6.0,eor
19837,3379,20080922,10,4.6,1.6,10,4.0,6,0.1,0,7.7,9.9,955.8,8.5,89.0,10.7,6.9,5.7,eor
19838,3379,20080923,10,4.5,1.3,10,0.0,0,0.9,0,6.0,9.4,955.1,8.4,86.0,11.5,4.2,3.2,eor
19839,3379,20080924,10,6.6,1.4,10,1.1,6,1.3,0,8.0,9.0,958.1,8.3,83.0,12.3,2.7,1.8,eor
19840,3379,20080925,10,9.8,2.0,10,6.0,6,0.0,0,7.7,10.6,962.8,9.2,91.0,11.5,8.3,8.2,eor
19841,3379,20080926,10,9.8,3.2,10,0.3,6,2.4,0,6.7,9.3,968.3,9.8,78.0,13.4,6.9,5.8,eor
19842,3379,20080927,10,11.8,2.9,10,0.0,6,5.1,0,2.0,8.9,966.8,9.0,79.0,15.0,4.6,3.2,eor
19843,3379,20080928,10,4.6,1.2,10,0.0,0,6.3,0,3.7,8.2,962.7,7.3,83.0,15.0,3.1,2.0,eor
19844,3379,20080929,10,8.2,2.2,10,0.0,0,5.5,0,5.0,9.3,956.7,10.4,75.0,16.0,3.4,2.2,eor
19845,3379,20080930,10,15.0,3.7,10,0.5,6,2.8,0,7.0,9.9,952.2,11.9,72.0,15.6,8.8,6.7,eor
19846,3379,20081001,10,19.3,6.8,10,0.0,6,3.6,0,6.0,9.8,947.3,13.3,65.0,17.7,10.2,8.8,eor
19847,3379,20081002,10,11.9,3.9,10,4.1,6,0.0,0,7.3,9.8,947.0,12.1,70.0,14.8,9.2,8.3,eor
19848,3379,20081003,10,7.0,2.1,10,8.0,6,0.0,0,8.0,8.8,948.8,7.5,84.0,9.4,6.3,5.6,eor
19849,3379,20081004,10,11.3,3.2,10,2.3,6,1.6,0,7.3,7.8,955.5,6.2,82.0,9.7,4.2,2.7,eor
19850,3379,20081005,10,8.5,2.6,10,0.2,6,9.9,0,3.3,6.7,954.1,9.2,61.0,16.3,3.1,1.7,eor
20199,3379,20090919,10,5.0,1.4,10,0.0,6,0.7,0,6.2,16.4,955.0,17.3,84.0,21.0,14.3,13.2,eor
20200,3379,20090920,10,5.1,1.2,10,0.0,0,3.0,0,4.4,15.7,957.7,16.9,83.0,22.9,13.5,12.6,eor
20201,3379,20090921,10,5.1,1.5,10,0.0,0,9.4,0,1.9,15.3,961.0,17.4,79.0,24.0,12.8,11.5,eor
20202,3379,20090922,10,5.1,1.4,10,0.0,0,8.2,0,0.8,14.9,963.7,16.8,80.0,24.6,12.0,11.0,eor
20203,3379,20090923,10,4.8,1.4,10,0.0,0,10.4,0,0.7,15.0,964.0,17.3,78.0,24.3,12.7,11.1,eor
20204,3379,20090924,10,6.2,1.6,10,0.0,0,7.5,0,4.0,14.0,961.0,16.9,75.0,23.3,11.8,10.6,eor
20205,3379,20090925,10,7.1,2.0,10,0.0,0,3.1,0,4.4,13.6,961.9,15.5,79.0,20.6,11.8,10.2,eor
20206,3379,20090926,10,7.8,2.5,10,0.0,0,8.2,0,4.0,11.5,962.9,13.6,75.0,19.5,9.7,8.3,eor
20207,3379,20090927,10,4.3,1.2,10,0.0,0,10.5,0,1.6,12.1,963.1,13.5,80.0,20.5,7.7,6.8,eor
20208,3379,20090928,10,5.8,1.6,10,0.0,0,9.0,0,1.8,12.9,961.9,15.1,77.0,21.5,9.7,8.5,eor
20209,3379,20090929,10,8.7,2.5,10,0.0,0,4.5,0,4.0,12.3,959.0,14.5,76.0,19.3,10.0,8.6,eor
20210,3379,20090930,10,5.9,1.8,10,0.0,0,8.0,0,2.3,11.6,956.9,13.2,77.0,18.6,9.2,7.6,eor
20211,3379,20091001,10,11.5,2.9,10,0.6,6,6.1,0,3.7,11.3,953.4,14.1,72.0,20.1,9.2,8.2,eor
20212,3379,20091002,10,9.0,2.1,10,0.0,0,3.1,0,6.6,10.2,955.6,12.7,70.0,16.1,10.1,8.6,eor
20213,3379,20091003,10,7.8,1.9,10,0.0,0,10.7,0,4.0,9.3,954.8,13.2,63.0,18.9,7.1,6.0,eor
20214,3379,20091004,10,14.7,3.9,10,0.0,0,10.8,0,2.5,9.3,953.9,13.9,60.0,19.6,9.4,7.4,eor
20563,3379,20100918,10,6.3,1.8,10,0.0,0,5.1,0,5.5,9.5,955.6,11.9,70.0,16.1,7.4,5.9,eor
20564,3379,20100919,10,7.7,1.6,10,0.0,0,9.0,0,2.6,8.8,957.5,10.7,71.0,16.4,6.8,5.6,eor
20565,3379,20100920,10,4.9,1.5,10,0.0,0,11.8,0,1.1,9.8,957.7,12.6,70.0,20.4,5.4,4.2,eor
20566,3379,20100921,10,6.2,1.9,10,0.0,0,11.8,0,0.8,11.1,959.3,14.6,70.0,22.7,7.5,6.3,eor
20567,3379,20100922,10,8.0,1.8,10,0.0,0,11.7,0,2.4,12.0,959.6,14.0,77.0,22.8,6.6,5.3,eor
20568,3379,20100923,10,5.5,1.7,10,0.0,0,10.8,0,2.5,13.8,954.3,16.8,75.0,25.0,9.6,8.6,eor
20569,3379,20100924,10,16.7,2.5,10,19.8,6,9.6,0,5.1,13.0,944.5,16.1,75.0,23.9,10.7,9.5,eor
20570,3379,20100925,10,11.3,3.7,10,10.3,6,0.1,0,7.9,11.3,942.5,10.2,91.0,13.1,7.3,7.0,eor
20571,3379,20100926,10,7.8,2.8,10,0.0,0,1.4,0,6.9,8.8,948.1,9.1,77.0,12.6,7.0,6.0,eor
20572,3379,20100927,10,8.3,2.7,10,0.0,0,5.9,0,5.0,8.5,950.4,9.9,71.0,14.3,6.4,4.8,eor
20573,3379,20100928,10,8.8,3.2,10,1.3,6,0.0,0,7.9,9.2,954.9,9.4,78.0,11.4,7.7,6.4,eor
20574,3379,20100929,10,5.9,2.2,10,1.1,6,1.6,0,7.3,10.3,957.4,10.0,85.0,15.1,8.2,7.0,eor
20575,3379,20100930,10,5.1,1.7,10,0.7,6,0.6,0,6.7,10.1,955.9,10.8,80.0,14.4,5.9,4.8,eor
20576,3379,20101001,10,8.7,2.0,9,0.2,4,0.8,0,5.8,11.6,954.0,11.1,88.0,14.0,6.8,5.8,eor
20577,3379,20101002,10,5.0,1.7,9,0.0,4,0.9,-999,5.3,11.4,955.0,11.7,84.0,18.3,5.7,4.5,eor
20578,3379,20101003,10,7.6,2.7,9,0.0,0,9.4,-999,2.0,12.3,951.0,12.9,84.0,19.5,7.9,6.8,eor
20579,3379,20101004,10,8.1,2.5,9,0.2,4,9.0,0,2.6,13.1,945.0,14.4,81.0,22.2,9.3,8.7,eor
20927,3379,20110917,10,8.8,2.3,9,14.2,4,6.6,-999,5.3,16.4,953.9,19.6,75.0,26.9,15.6,14.8,eor
20928,3379,20110918,10,15.3,2.6,9,21.2,4,0.0,-999,7.2,13.2,948.5,12.3,91.0,16.2,8.3,7.9,eor
20929,3379,20110919,10,6.2,2.3,9,14.6,4,0.0,-999,6.6,9.8,954.1,8.6,88.0,10.3,7.8,7.4,eor
20930,3379,20110920,10,5.6,1.9,9,0.0,4,0.4,-999,6.5,11.3,963.1,11.4,84.0,14.8,8.7,7.9,eor
20931,3379,20110921,10,5.1,1.7,9,0.0,0,11.6,-999,0.3,11.4,960.3,12.4,81.0,18.7,7.1,6.2,eor
20932,3379,20110922,10,6.9,2.0,9,0.0,0,6.6,-999,2.3,12.1,959.6,13.3,81.0,19.2,8.9,7.7,eor
20933,3379,20110923,10,7.0,1.7,9,0.0,0,8.6,-999,3.2,12.0,957.8,14.5,75.0,20.7,8.7,7.9,eor
20934,3379,20110924,10,6.1,2.1,9,0.0,0,11.3,-999,0.1,12.7,956.5,14.2,80.0,21.7,7.7,6.6,eor
20935,3379,20110925,10,3.8,1.3,9,0.0,0,10.8,-999,0.0,13.4,959.5,15.8,78.0,23.2,9.1,8.0,eor
20936,3379,20110926,10,6.4,1.6,9,0.0,0,11.2,-999,0.2,13.7,963.9,16.2,77.0,23.6,10.3,9.0,eor
20937,3379,20110927,10,5.2,1.6,9,0.0,0,10.8,-999,1.2,13.8,967.4,16.0,78.0,23.8,10.5,9.5,eor
20938,3379,20110928,10,9.5,2.6,9,0.0,0,10.7,-999,0.0,14.4,967.5,16.4,79.0,23.5,10.2,9.0,eor
20939,3379,20110929,10,8.5,2.5,9,0.0,0,6.5,-999,2.5,12.6,966.8,14.8,77.0,21.1,9.9,8.8,eor
20940,3379,20110930,10,7.4,1.8,9,0.0,0,11.2,-999,0.1,12.1,965.5,14.7,75.0,23.4,7.6,6.4,eor
20941,3379,20111001,10,4.3,1.3,9,0.0,0,10.9,0,0.0,13.5,965.1,15.3,80.0,23.5,9.1,8.0,eor
20942,3379,20111002,10,5.7,1.5,9,0.0,0,8.9,0,0.9,13.9,964.3,15.1,83.0,23.0,9.9,8.7,eor
20943,3379,20111003,10,6.6,1.7,9,0.0,0,10.7,0,0.0,13.9,962.8,15.7,80.0,23.6,9.4,8.4,eor
21298,3379,20120922,10,12.5,2.8,9,2.4,4,0.1,-999,7.8,13.3,954.8,12.7,89.0,16.9,9.6,9.1,eor
21299,3379,20120923,10,6.3,2.5,9,0.0,0,6.6,-999,5.1,12.9,953.4,14.0,81.0,19.6,10.1,9.8,eor
21300,3379,20120924,10,16.4,3.3,9,1.3,4,2.3,-999,5.4,13.7,944.2,15.5,79.0,21.1,10.7,9.5,eor
21301,3379,20120925,10,10.0,3.0,9,0.0,0,9.7,-999,1.8,11.7,945.0,15.9,67.0,22.0,10.6,8.7,eor
21302,3379,20120926,10,9.3,2.7,9,2.6,4,5.0,-999,5.3,12.4,942.2,16.9,68.0,26.4,9.6,8.6,eor
21303,3379,20120927,10,13.2,3.5,9,2.3,4,0.9,-999,7.0,11.2,951.7,12.5,78.0,16.5,9.4,8.8,eor
21304,3379,20120928,10,8.9,2.2,9,0.0,4,9.5,-999,1.0,10.5,958.1,12.7,73.0,18.3,8.2,6.9,eor
21305,3379,20120929,10,6.0,1.6,9,10.6,4,0.0,-999,6.8,12.2,956.8,11.4,90.0,14.5,7.8,6.6,eor
21306,3379,20120930,10,7.2,2.1,9,0.0,4,0.1,-999,7.8,12.9,959.2,12.2,91.0,13.7,11.0,10.4,eor
21307,3379,20121001,10,6.3,2.0,9,0.0,4,0.0,-999,7.9,12.7,957.3,13.0,85.0,15.6,9.9,8.6,eor
21308,3379,20121002,10,8.5,2.1,9,0.0,0,6.9,-999,3.6,11.4,958.4,12.5,80.0,18.3,9.0,7.2,eor
21309,3379,20121003,10,7.2,2.4,9,0.0,0,9.7,0,3.1,11.3,956.8,14.7,69.0,21.1,9.4,7.4,eor
21310,3379,20121004,10,16.8,3.5,9,3.2,4,0.8,0,7.2,11.9,954.9,14.2,75.0,19.2,10.1,8.6,eor
21311,3379,20121005,10,12.2,3.1,9,0.0,0,8.7,0,2.0,11.6,957.0,15.0,70.0,21.5,8.7,7.1,eor
21312,3379,20121006,10,16.2,4.0,9,3.1,4,8.5,0,3.0,11.1,955.7,17.5,58.0,24.0,11.6,8.6,eor
21313,3379,20121007,10,15.5,3.0,9,8.3,4,0.4,0,6.2,12.3,956.5,11.5,89.0,15.5,6.1,4.9,eor
21662,3379,20130921,10,7.0,2.1,9,0.0,0,5.0,0,4.7,11.1,964.4,12.8,76.0,17.8,7.7,6.6,eor
21663,3379,20130922,10,5.5,1.5,9,0.0,0,9.8,0,4.0,11.2,966.1,12.3,80.0,18.9,6.0,4.9,eor
21664,3379,20130923,10,6.0,1.8,9,0.0,0,8.2,0,3.8,11.9,963.1,14.0,76.0,19.7,8.9,7.9,eor
21665,3379,20130924,10,4.6,1.3,9,0.0,0,8.7,0,2.9,12.0,956.4,14.1,76.0,21.3,8.5,7.3,eor
21666,3379,20130925,10,10.2,2.6,9,0.1,4,9.9,0,2.7,12.9,952.1,16.4,71.0,23.5,9.6,8.1,eor
21667,3379,20130926,10,9.4,2.5,9,7.2,4,0.0,0,7.9,15.4,953.8,16.1,84.0,17.5,14.3,13.6,eor
21668,3379,20130927,10,3.7,1.6,9,0.0,4,0.0,0,7.7,13.7,954.9,13.8,87.0,15.8,11.6,10.7,eor
21669,3379,20130928,10,6.3,2.5,9,0.0,4,0.2,0,7.5,12.4,951.9,12.9,84.0,16.4,9.6,9.9,eor
21670,3379,20130929,10,11.2,4.2,9,0.0,0,0.0,0,8.0,9.7,947.9,11.2,73.0,13.3,9.2,9.3,eor
21671,3379,20130930,10,6.1,2.2,9,0.0,4,0.0,0,8.0,9.5,947.2,9.6,79.0,11.1,8.1,8.2,eor
21672,3379,20131001,10,5.8,1.9,9,0.3,4,0.2,0,7.9,10.1,951.2,9.9,83.0,12.1,8.4,7.5,eor
21673,3379,20131002,10,10.6,3.7,9,0.0,0,8.4,0,1.4,7.4,958.1,8.4,69.0,13.7,4.5,3.0,eor
21674,3379,20131003,10,8.5,3.5,9,0.0,0,10.7,0,0.3,6.6,960.3,7.7,64.0,15.0,2.2,0.9,eor
21675,3379,20131004,10,5.7,2.1,9,0.9,4,0.4,0,6.5,9.2,959.8,8.3,82.0,12.9,4.5,4.2,eor
21676,3379,20131005,10,7.2,1.5,9,11.3,4,0.0,0,7.4,11.7,956.1,10.3,92.0,14.8,6.4,6.6,eor
21677,3379,20131006,10,6.6,2.1,9,0.0,4,1.2,0,7.6,13.1,961.3,13.4,85.0,16.5,10.3,9.3,eor
22026,3379,20140920,10,9.2,2.0,9,7.0,4,3.8,0,6.0,16.8,955.3,17.3,85.0,22.2,14.2,13.2,eor
22027,3379,20140921,10,12.9,3.4,9,8.8,4,1.6,0,6.5,15.3,954.3,15.6,87.0,21.5,12.2,12.1,eor
22028,3379,20140922,10,12.3,4.5,9,0.0,4,1.9,0,7.1,10.3,956.8,10.8,79.0,13.8,6.8,5.9,eor
22029,3379,20140923,10,7.6,2.6,9,0.0,0,6.4,0,4.0,8.2,958.8,9.9,69.0,15.1,6.0,4.4,eor
22030,3379,20140924,10,8.4,2.0,9,4.5,4,9.1,0,3.3,9.9,953.3,12.0,72.0,19.8,4.0,2.9,eor
22031,3379,20140925,10,9.8,2.9,9,1.3,4,0.7,0,6.0,11.3,958.7,11.5,84.0,15.0,8.5,7.1,eor
22032,3379,20140926,10,9.8,2.6,9,0.0,4,1.5,0,7.5,10.7,963.6,13.1,72.0,16.9,8.2,6.9,eor
22033,3379,20140927,10,7.0,1.8,9,0.0,0,4.0,0,4.5,12.8,966.2,14.1,80.0,18.0,10.0,8.0,eor
22034,3379,20140928,10,4.5,1.6,9,0.0,0,4.3,0,5.3,13.4,964.7,12.9,91.0,18.1,9.2,7.1,eor
22035,3379,20140929,10,5.0,1.4,9,0.0,0,7.8,0,1.9,13.8,964.2,14.5,85.0,21.7,8.8,7.9,eor
22036,3379,20140930,10,4.3,1.3,9,14.3,4,0.0,0,6.5,15.2,964.5,15.3,88.0,19.3,11.0,9.4,eor
22037,3379,20141001,10,4.0,1.0,9,1.4,4,0.6,0,6.7,16.1,964.8,15.5,91.0,19.3,12.0,10.7,eor
22038,3379,20141002,10,6.5,1.7,9,0.0,0,2.3,0,4.5,14.1,966.4,14.2,88.0,19.5,10.5,8.7,eor
22039,3379,20141003,10,7.0,2.2,9,0.0,0,3.7,0,2.8,12.1,963.4,12.4,86.0,18.2,8.9,7.5,eor
22040,3379,20141004,10,5.6,1.9,9,0.0,4,0.0,0,6.9,11.3,957.9,10.3,91.0,11.5,8.3,6.3,eor
22041,3379,20141005,10,6.2,1.7,9,0.0,0,0.2,0,7.3,12.2,955.4,12.2,86.0,14.6,9.8,8.1,eor
22390,3379,20150919,10,5.8,1.8,9,1.2,4,6.2,-999,4.6,11.6,960.6,14.5,73.0,20.1,8.7,7.5,eor
22391,3379,20150920,10,8.0,2.3,9,0.2,4,2.0,-999,7.5,11.6,961.6,12.7,80.0,16.2,10.1,8.9,eor
22392,3379,20150921,10,7.7,2.1,9,0.0,0,11.6,-999,2.0,9.7,955.7,13.5,65.0,19.5,8.4,7.1,eor
22393,3379,20150922,10,9.0,2.3,9,9.6,4,4.7,-999,6.0,11.1,947.4,14.1,71.0,19.4,8.2,7.3,eor
22394,3379,20150923,10,10.4,3.2,9,1.4,4,0.3,-999,7.5,10.5,951.4,11.0,80.0,13.5,9.1,8.6,eor
22395,3379,20150924,10,4.4,1.5,9,0.0,0,0.8,-999,6.5,10.5,959.3,10.9,81.0,13.6,7.3,6.1,eor
22396,3379,20150925,10,5.1,1.5,9,0.0,0,1.4,-999,7.6,10.8,960.4,12.9,74.0,17.7,7.4,6.1,eor
22397,3379,20150926,10,7.5,2.1,9,0.0,0,0.0,-999,7.9,11.7,961.5,13.5,76.0,16.5,11.7,11.2,eor
22398,3379,20150927,10,11.1,3.5,9,0.0,0,5.6,-999,7.5,9.2,966.1,12.7,63.0,16.3,9.4,7.9,eor
22399,3379,20150928,10,10.5,3.2,9,0.0,0,1.8,-999,5.8,8.2,969.7,10.5,65.0,15.0,7.0,5.2,eor
22400,3379,20150929,10,15.3,5.0,9,0.0,0,8.9,-999,1.1,7.8,968.4,10.5,63.0,16.0,6.0,4.1,eor
22401,3379,20150930,10,12.7,5.0,9,0.0,0,10.3,-999,1.1,7.3,967.0,9.8,61.0,15.4,6.0,4.3,eor
22402,3379,20151001,10,10.3,3.5,9,0.0,0,11.3,0,0.3,7.5,963.9,10.2,62.0,17.5,4.3,2.8,eor
22403,3379,20151002,10,8.8,2.6,9,0.0,0,11.1,0,0.1,9.1,959.4,11.4,70.0,18.9,5.3,3.5,eor
22404,3379,20151003,10,9.0,2.0,9,0.0,4,8.7,0,3.2,11.5,955.0,14.2,74.0,22.2,8.4,7.4,eor
22405,3379,20151004,10,13.6,2.4,9,0.8,4,2.6,0,4.5,11.1,956.4,10.7,86.0,13.6,5.5,4.4,eor
22754,3379,20160917,10,8.9,3.8,9,30.0,4,0.0,-999,7.8,14.4,952.8,13.3,94.0,14.3,12.2,11.6,eor
22755,3379,20160918,10,8.9,3.4,9,12.6,4,0.0,-999,7.7,14.6,951.0,13.5,94.0,14.4,12.8,12.2,eor
22756,3379,20160919,10,8.5,3.3,9,15.8,4,0.0,-999,7.7,13.7,954.7,12.1,96.0,13.1,11.3,11.1,eor
22757,3379,20160920,10,5.3,1.7,9,0.0,0,1.1,-999,7.2,12.0,956.6,12.1,86.0,15.7,8.4,7.2,eor
22758,3379,20160921,10,5.3,1.6,9,0.0,0,2.6,-999,4.5,10.5,957.7,10.2,86.0,16.4,6.6,5.5,eor
22759,3379,20160922,10,7.4,1.8,9,0.0,0,10.7,-999,1.8,10.1,960.3,12.2,74.0,19.6,5.9,4.7,eor
22760,3379,20160923,10,6.5,1.5,9,0.0,0,7.2,-999,3.9,12.1,963.5,13.6,79.0,19.8,7.2,5.8,eor
22761,3379,20160924,10,7.1,1.9,9,0.0,0,10.6,-999,0.3,12.1,963.8,13.8,79.0,20.7,8.0,6.7,eor
22762,3379,20160925,10,5.5,1.6,9,0.0,0,11.3,-999,0.1,12.4,959.9,14.3,78.0,22.0,7.6,6.4,eor
22763,3379,20160926,10,5.8,1.7,9,0.0,0,10.2,-999,0.4,12.6,960.1,15.2,75.0,22.6,9.2,7.9,eor
22764,3379,20160927,10,5.6,1.6,9,0.0,0,4.5,-999,2.3,13.2,964.2,13.1,88.0,19.0,9.2,7.7,eor
22765,3379,20160928,10,8.1,2.3,9,0.0,0,7.9,-999,2.4,12.9,967.1,15.3,76.0,21.6,9.3,8.0,eor
22766,3379,20160929,10,9.7,2.8,9,0.0,0,10.6,-999,1.4,11.8,961.7,18.3,58.0,24.7,12.4,10.2,eor
22767,3379,20160930,10,9.5,2.9,9,0.0,0,11.1,-999,0.1,11.1,956.0,18.0,56.0,24.9,11.6,10.0,eor
22768,3379,20161001,10,7.1,1.9,9,0.6,4,7.3,-999,4.2,12.2,952.0,16.3,68.0,22.9,9.7,8.1,eor
22769,3379,20161002,10,7.0,2.3,9,3.1,4,0.0,-999,7.2,12.7,955.3,12.6,87.0,14.1,9.8,7.9,eor
22770,3379,20161003,10,13.0,3.8,9,0.9,4,1.9,-999,7.2,10.1,962.6,10.8,79.0,14.9,8.9,7.3,eor
23118,3379,20170916,10,6.4,1.6,9,3.4,6,0.3,-999,7.9,10.7,951.6,10.3,86.0,12.7,7.0,5.8,eor
23119,3379,20170917,10,8.9,1.8,9,0.1,6,3.0,-999,6.9,9.8,952.7,10.7,78.0,16.2,7.4,6.5,eor
23120,3379,20170918,10,8.6,2.6,9,0.3,6,4.7,-999,7.5,9.5,955.5,10.6,75.0,14.9,7.5,6.2,eor
23121,3379,20170919,10,6.9,2.3,9,0.9,6,0.0,-999,8.0,10.0,956.3,10.2,81.0,12.8,8.9,8.1,eor
23122,3379,20170920,10,6.7,2.3,9,5.8,6,0.7,-999,7.8,10.5,959.8,10.1,86.0,14.5,8.5,7.8,eor
23123,3379,20170921,10,4.8,1.7,9,0.0,0,10.2,-999,2.4,9.8,960.1,11.7,74.0,17.3,6.8,5.1,eor
23124,3379,20170922,10,4.5,1.4,9,0.1,6,5.5,-999,4.5,10.4,959.9,11.2,79.0,18.4,5.4,3.9,eor
23125,3379,20170923,10,5.4,1.6,9,0.0,0,6.1,-999,5.4,11.7,960.4,13.3,78.0,19.8,8.1,6.4,eor
23126,3379,20170924,10,6.2,1.4,9,0.0,0,5.9,-999,6.1,11.5,959.6,13.4,77.0,18.8,8.9,7.4,eor
23127,3379,20170925,10,6.6,1.7,9,0.0,0,8.2,-999,2.4,11.0,958.6,12.4,78.0,19.4,7.1,5.4,eor
23128,3379,20170926,10,5.8,1.7,9,0.0,0,8.6,-999,3.0,11.6,960.0,13.0,79.0,19.8,7.1,5.6,eor
23129,3379,20170927,10,4.6,1.4,9,0.0,6,4.7,-999,6.5,12.6,962.0,14.4,79.0,20.4,9.1,7.6,eor
23130,3379,20170928,10,3.6,1.4,9,0.0,0,2.9,-999,6.2,13.0,963.9,14.5,80.0,21.1,8.4,6.8,eor
23131,3379,20170929,10,5.4,1.4,9,0.0,6,3.7,-999,8.0,14.0,962.1,15.4,81.0,21.2,10.5,8.8,eor
23132,3379,20170930,10,11.9,1.7,9,3.6,6,0.7,-999,8.0,15.0,956.7,16.2,82.0,20.5,12.9,11.7,eor
23133,3379,20171001,10,7.3,2.5,9,1.9,6,0.4,-999,7.7,12.1,960.5,12.2,85.0,14.0,10.7,8.9,eor
23134,3379,20171002,10,11.6,2.6,9,5.6,6,5.7,-999,5.3,12.3,958.5,14.0,79.0,19.9,7.6,5.8,eor
23135,3379,20171003,10,17.5,3.5,9,9.2,6,2.9,-999,6.0,12.4,958.3,12.6,84.0,16.4,8.3,6.2,eor
23489,3379,20180922,10,7.6,2.6,9,8.3,6,7.9,-999,7.5,10.1,961.1,14.0,65.0,17.6,11.1,9.8,eor
23490,3379,20180923,10,21.0,5.4,9,14.2,8,4.8,-999,6.9,14.8,954.0,17.3,77.0,25.6,9.7,9.1,eor
23491,3379,20180924,10,11.2,3.9,9,0.0,0,5.9,-999,4.2,7.8,968.2,9.3,68.0,13.6,5.8,3.7,eor
23492,3379,20180925,10,6.8,2.3,9,0.0,0,8.8,-999,1.3,6.7,974.4,7.9,64.0,13.1,4.2,2.6,eor
23493,3379,20180926,10,6.1,2.1,9,0.0,0,10.5,-999,6.4,7.8,972.1,10.0,65.0,17.4,2.7,0.9,eor
23494,3379,20180927,10,4.8,1.6,9,0.0,0,11.6,-999,0.3,10.3,967.0,13.7,70.0,22.5,6.1,4.4,eor
23495,3379,20180928,10,8.1,2.8,9,0.0,0,10.7,-999,2.0,11.1,960.5,15.2,66.0,21.7,8.6,6.9,eor
23496,3379,20180929,10,9.7,3.4,9,0.0,0,8.3,-999,4.4,8.3,962.7,11.2,63.0,16.2,5.8,4.3,eor
23497,3379,20180930,10,5.3,1.8,9,18.7,6,11.1,-999,0.9,10.2,955.7,11.8,73.0,20.5,3.4,2.2,eor
23498,3379,20181001,10,12.6,3.3,9,10.9,6,0.3,-999,7.8,10.9,954.0,10.4,85.0,13.4,7.2,6.6,eor
23499,3379,20181002,10,12.7,4.5,9,0.0,6,3.9,-999,7.6,7.8,960.6,8.8,70.0,11.8,5.3,4.3,eor
23500,3379,20181003,10,12.6,4.0,9,0.0,6,0.5,0,7.7,10.3,963.5,11.2,77.0,14.5,9.1,6.8,eor
23501,3379,20181004,10,6.3,2.0,9,0.0,0,10.0,0,0.9,10.1,965.0,10.9,79.0,17.2,5.8,3.8,eor
23502,3379,20181005,10,5.0,1.5,9,0.0,0,11.1,0,3.3,10.8,959.6,11.8,80.0,20.8,4.9,3.1,eor
23503,3379,20181006,10,4.7,1.4,9,0.4,6,7.3,0,7.7,12.3,953.0,15.3,74.0,23.2,8.3,6.8,eor
23504,3379,20181007,10,5.3,1.9,9,0.0,0,1.0,0,6.8,13.8,954.0,15.7,78.0,20.9,11.2,9.1,eor
23853,3379,20190921,10,8.6,2.5,9,0.0,0,12.0,-999,0.4,8.8,958.7,12.4,63.0,21.0,4.8,3.5,eor
23854,3379,20190922,10,3.9,1.4,9,0.0,6,1.4,-999,7.5,12.1,951.7,13.3,80.0,19.6,7.8,6.6,eor
23855,3379,20190923,10,11.1,3.1,9,9.6,6,0.0,-999,7.8,14.0,954.9,13.1,92.0,15.5,11.4,10.1,eor
23856,3379,20190924,10,6.5,2.0,9,0.2,6,5.7,-999,6.6,12.7,953.1,15.0,76.0,19.3,10.3,8.9,eor
23857,3379,20190925,10,17.5,3.4,9,0.6,6,3.9,-999,7.8,12.3,950.4,15.3,71.0,19.6,12.8,11.5,eor
23858,3379,20190926,10,9.6,2.8,9,0.3,6,1.9,-999,7.7,14.0,954.2,15.1,81.0,17.9,12.6,10.7,eor
23859,3379,20190927,10,15.0,3.2,9,12.3,6,5.1,-999,7.8,14.1,954.2,17.4,72.0,22.8,13.7,12.5,eor
23860,3379,20190928,10,13.8,3.4,9,0.0,6,4.7,-999,7.6,12.5,956.9,14.7,76.0,18.1,12.4,9.8,eor
23861,3379,20190929,10,13.7,3.2,9,0.1,6,10.4,-999,4.0,10.7,950.8,17.5,56.0,23.6,11.2,8.8,eor
23862,3379,20190930,10,19.0,5.7,9,0.0,0,6.7,-999,6.2,11.1,951.7,16.3,60.0,19.1,9.9,7.8,eor
23863,3379,20191001,10,9.5,2.7,9,3.0,6,9.4,0,3.7,11.6,948.5,16.6,65.0,24.1,9.6,7.5,eor
23864,3379,20191002,10,13.0,3.8,9,28.7,6,0.5,0,7.8,12.2,948.2,12.0,86.0,15.7,5.9,4.7,eor
23865,3379,20191003,10,10.5,3.1,9,0.0,0,6.9,0,4.2,8.1,957.0,7.8,77.0,12.0,5.3,3.9,eor
23866,3379,20191004,10,12.7,2.9,9,1.0,6,0.6,0,7.9,9.0,950.6,9.3,77.0,12.6,4.5,2.9,eor
23867,3379,20191005,10,12.9,4.2,9,3.7,6,0.4,0,7.6,9.8,952.0,9.8,81.0,11.6,5.0,3.6,eor
23868,3379,20191006,10,6.9,2.2,9,13.6,6,0.5,0,7.3,9.5,953.8,8.4,87.0,11.9,4.2,2.6,eor
24945,3379,20220917,3,12.6,4.1,3,7.9,6,2.683,0,7.0,9.3,952.32,9.0,81.21,11.9,6.5,5.8,eor
24946,3379,20220918,3,12.8,4.8,3,7.0,6,0.433,0,7.6,9.2,954.64,9.6,77.38,12.0,6.9,6.1,eor
24947,3379,20220919,3,11.3,4.0,3,0.1,6,3.217,0,7.0,9.0,957.52,9.6,76.42,13.5,6.1,5.3,eor
24948,3379,20220920,3,9.3,2.7,3,1.3,6,2.967,0,7.3,9.0,960.55,9.8,75.29,14.2,6.1,4.9,eor
24949,3379,20220921,3,8.5,2.2,3,0.0,0,11.083,0,0.4,8.1,962.92,9.4,70.88,15.4,3.9,2.8,eor
24950,3379,20220922,3,8.0,2.2,3,0.0,0,11.45,0,0.1,8.0,960.68,9.3,70.71,16.5,3.0,1.9,eor
24951,3379,20220923,3,5.3,1.5,3,0.0,0,10.917,0,4.9,9.3,956.44,10.9,72.33,18.9,2.8,1.7,eor
24952,3379,20220924,3,4.9,1.3,3,2.3,6,0.083,0,8.0,12.8,952.42,12.7,86.75,15.2,9.4,8.5,eor
24953,3379,20220925,3,5.8,1.4,3,3.0,6,0.85,0,7.0,12.5,950.9,11.8,90.21,15.7,8.7,7.9,eor
24954,3379,20220926,3,7.8,2.5,3,3.6,6,4.267,0,7.2,10.7,946.8,12.1,76.54,15.6,10.4,10.1,eor
24955,3379,20220927,3,15.2,4.1,3,11.4,6,2.717,0,7.4,9.7,941.24,9.6,80.96,11.9,7.1,6.7,eor
24956,3379,20220928,3,10.4,2.7,3,10.2,6,0.0,0,7.7,9.7,939.57,8.3,88.38,9.6,7.3,6.7,eor
24957,3379,20220929,3,4.6,1.4,3,3.8,6,0.0,0,7.6,9.9,942.67,8.5,89.46,10.3,7.0,6.8,eor
24958,3379,20220930,3,4.5,1.2,3,0.0,0,2.1,0,7.8,10.3,949.98,10.3,83.17,13.3,6.9,6.4,eor
24959,3379,20221001,3,11.4,3.5,3,8.6,6,0.85,0,7.4,11.0,953.8,10.8,85.29,12.7,8.0,6.3,eor
24960,3379,20221002,3,12.4,2.7,3,29.6,6,0.65,0,7.7,13.1,959.0,12.6,89.83,18.9,10.6,10.2,eor
24961,3379,20221003,3,7.6,1.9,3,0.0,0,5.167,0,4.0,10.3,964.18,9.8,85.75,15.6,5.2,4.2,eor
25116,3379,20220917,10,12.6,4.1,9,7.9,6,2.7,0,7.0,9.3,952.3,9.0,81.0,11.9,6.5,5.8,eor
25117,3379,20220918,10,12.8,4.8,9,7.0,6,0.4,0,7.6,9.2,954.6,9.6,77.0,12.0,6.9,6.1,eor
25118,3379,20220919,10,11.3,4.0,9,0.1,6,3.2,0,7.0,9.0,957.5,9.6,76.0,13.5,6.1,5.3,eor
25119,3379,20220920,10,9.3,2.7,9,1.3,6,3.0,0,7.3,9.0,960.6,9.8,75.0,14.2,6.1,4.9,eor
25120,3379,20220921,10,8.5,2.2,9,0.0,0,11.1,0,0.4,8.1,962.9,9.4,71.0,15.4,3.9,2.8,eor
25121,3379,20220922,10,8.0,2.2,9,0.0,0,11.5,0,0.1,8.0,960.7,9.3,71.0,16.5,3.0,1.9,eor
25122,3379,20220923,10,5.3,1.5,9,0.0,0,10.9,0,4.9,9.3,956.4,10.9,72.0,18.9,2.8,1.7,eor
25123,3379,20220924,10,4.9,1.3,9,2.3,6,0.1,0,8.0,12.8,952.4,12.7,87.0,15.2,9.4,8.5,eor
25124,3379,20220925,10,5.8,1.4,9,3.0,6,0.9,0,7.0,12.5,950.9,11.8,90.0,15.7,8.7,7.9,eor
25125,3379,20220926,10,7.8,2.5,9,3.6,6,4.3,0,7.2,10.7,946.8,12.1,77.0,15.6,10.4,10.1,eor
25126,3379,20220927,10,15.2,4.1,9,11.4,6,2.7,0,7.4,9.7,941.2,9.6,81.0,11.9,7.1,6.7,eor
25127,3379,20220928,10,10.4,2.7,9,10.2,6,0.0,0,7.7,9.7,939.6,8.3,88.0,9.6,7.3,6.7,eor
25128,3379,20220929,10,4.6,1.4,9,3.8,6,0.0,0,7.6,9.9,942.7,8.5,89.0,10.3,7.0,6.8,eor
25129,3379,20220930,10,4.5,1.2,9,0.0,0,2.1,0,7.8,10.3,950.0,10.3,83.0,13.3,6.9,6.4,eor
25130,3379,20221001,10,11.4,3.5,9,8.6,6,0.9,0,7.4,11.0,953.8,10.8,85.0,12.7,8.0,6.3,eor
25131,3379,20221002,10,12.4,2.7,9,29.6,6,0.7,0,7.7,13.1,959.0,12.6,90.0,18.9,10.6,10.2,eor
25132,3379,20221003,10,7.6,1.9,9,0.0,0,5.2,0,4.0,10.3,964.2,9.8,86.0,15.6,5.2,4.2,eor
25480,3379,20230916,3,5.5,1.6,3,0.0,0,11.983,0,0.7,16.0,955.1,19.1,73.79,26.3,12.5,11.8,eor
25481,3379,20230917,3,6.4,1.7,3,0.0,0,9.7,0,5.0,16.4,955.32,20.8,69.25,28.3,13.7,13.0,eor
25482,3379,20230918,3,12.8,2.9,3,1.1,6,2.767,0,7.1,15.6,952.11,18.0,75.54,23.0,14.7,13.6,eor
25483,3379,20230919,3,12.5,3.5,3,0.0,6,8.183,0,6.6,13.4,955.26,18.4,64.33,22.9,15.1,13.4,eor
25484,3379,20230920,3,7.3,2.0,3,0.0,0,11.983,0,2.4,14.4,952.96,18.5,69.5,25.0,12.1,10.9,eor
25485,3379,20230921,3,10.8,1.9,3,1.7,6,10.033,0,5.2,14.2,943.73,20.7,62.0,28.5,13.2,12.2,eor
25486,3379,20230922,3,11.1,3.0,3,12.8,6,0.0,0,7.7,13.0,947.41,13.5,83.79,18.2,11.2,10.6,eor
25487,3379,20230923,3,6.8,2.2,3,0.0,6,1.017,0,7.8,10.8,956.84,12.7,74.0,15.2,11.2,10.0,eor
25488,3379,20230924,3,6.2,1.9,3,0.0,0,9.667,0,1.9,9.8,964.47,12.6,69.04,18.1,7.8,7.0,eor
25489,3379,20230925,3,7.2,2.3,3,0.0,0,11.683,0,0.5,10.9,962.52,13.2,73.25,20.1,7.0,6.2,eor
25490,3379,20230926,3,3.9,1.2,3,0.0,0,11.367,0,5.5,13.1,961.04,14.6,79.96,22.1,8.6,7.7,eor
25491,3379,20230927,3,7.3,1.8,3,0.0,0,11.117,0,2.4,14.3,959.66,16.3,78.42,23.7,10.1,9.2,eor
25492,3379,20230928,3,5.5,1.8,3,0.0,0,11.05,0,3.4,13.2,959.08,17.7,69.33,25.9,12.0,10.9,eor
25493,3379,20230929,3,8.8,2.4,3,0.0,0,10.767,0,4.1,13.0,960.45,18.9,62.58,27.0,10.2,8.9,eor
25494,3379,20230930,3,7.5,1.9,3,0.0,0,3.717,0,6.1,12.8,964.86,16.0,71.17,20.3,10.8,10.0,eor
25495,3379,20231001,3,4.4,1.5,3,0.0,0,10.85,0,1.3,12.6,964.97,15.8,73.04,23.5,9.3,8.7,eor
25496,3379,20231002,3,4.4,1.4,3,0.0,0,11.083,0,3.2,13.2,962.25,17.0,70.96,26.3,9.7,8.7,eor
25497,3379,20231003,3,20.0,4.2,3,0.1,6,9.9,0,3.7,12.5,959.68,19.5,58.29,27.6,12.2,10.8,eor
